"time_id","net_sentiment"
201607010511,-4
201607010512,-1
201607010632,-6
201607010851,-4
201607011007,3
201607011247,1
201607011819,4
201607011829,1
201607020448,-4
201607020829,-5
201607020832,2
201607021339,-7
201607021413,-3
201607031040,-2
201607031316,-2
201607031320,-1
201607031347,1
201607031400,-1
201607031446,-2
201607040435,-6
201607040454,-8
201607040500,-2
201607040632,3
201607040642,-2
201607040656,2
201607040711,3
201607040826,-10
201607040834,-6
201607041559,4
201607042123,6
201607042130,-4
201607042136,-3
201607050414,-2
201607050505,4
201607050837,-8
201607050839,2
201607051752,2
201607051921,2
201607060412,-1
201607060421,-7
201607060511,-7
201607060531,-5
201607060608,-2
201607060612,-5
201607060624,-3
201607060832,2
201607061834,-5
201607071107,3
201607080402,-2
201607080620,-3
201607080732,-2
201607081431,-4
201607081626,1
201607090818,4
201607100502,-2
201607101142,-7
201607101158,-3
201607110457,1
201607111251,-3
201607111756,3
201607112154,-4
201607120458,-6
201607120555,1
201607120557,-6
201607120636,-4
201607120639,6
201607121003,-3
201607121004,-4
201607121410,2
201607121459,2
201607131456,3
201607131506,-6
201607131519,-2
201607131522,-4
201607131523,2
201607131526,-3
201607131527,3
201607131528,7
201607140753,3
201607141540,-9
201607141609,-2
201607141739,-5
201607150731,-2
201607150741,-2
201607150750,3
201607152115,-4
201607160613,-4
201607160619,-6
201607161344,-1
201607161401,-1
201607162015,5
201607162039,1
201607170455,-5
201607170506,-5
201607170514,-2
201607170524,-2
201607170604,-2
201607171030,-3
201607171126,-4
201607171139,-3
201607171422,-1
201607171426,-6
201607172114,4
201607181028,7
201607181348,-3
201607181351,5
201607190636,2
201607191512,3
201607191652,2
201607192132,2
201607200318,8
201607200547,6
201607201141,-1
201607201824,3
201607201852,2
201607201906,1
201607201919,1
201607201935,2
201607202045,6
201607202049,1
201607202053,4
201607202211,1
201607210537,1
201607210712,1
201607210716,1
201607210749,2
201607210945,1
201607210947,1
201607211000,2
201607211149,-1
201607211255,-1
201607220607,6
201607220613,3
201607221603,-1
201607222049,1
201607230331,-3
201607230335,-2
201607230342,-6
201607230355,-9
201607230751,-3
201607230801,1
201607230836,4
201607230906,-2
201607231343,-2
201607231420,-5
201607231505,4
201607231511,2
201607240416,-2
201607240425,-2
201607240456,1
201607240515,-4
201607240530,6
201607240627,-4
201607240630,-6
201607241320,1
201607241330,-2
201607241502,1
201607241507,0
201607241516,-2
201607241533,-3
201607241659,1
201607250431,-2
201607250457,-6
201607250502,-6
201607250527,-2
201607250619,1
201607250642,-1
201607250647,-2
201607250701,-2
201607250705,-3
201607251157,1
201607251432,-3
201607251433,-1
201607251445,1
201607251457,2
201607252004,-5
201607252012,-3
201607252019,-1
201607260534,4
201607260538,-4
201607260542,-2
201607261043,1
201607261053,1
201607261227,-10
201607261547,-4
201607261634,-1
201607261641,-1
201607261642,-1
201607261851,1
201607261902,2
201607261908,0
201607261911,1
201607262001,-5
201607270233,-1
201607270243,2
201607270250,-2
201607270301,-5
201607270308,-2
201607270557,-2
201607270601,-2
201607270903,1
201607270916,1
201607271123,-3
201607271215,4
201607271701,1
201607271939,2
201607271942,-3
201607272056,-1
201607280809,-2
201607280830,4
201607280848,1
201607281132,2
201607281438,1
201607281456,-1
201607282047,1
201607282050,-2
201607282054,2
201607282057,-3
201607282059,-3
201607282359,-2
201607290540,0
201607290551,-2
201607290613,-6
201607290627,1
201607290644,-3
201607290653,-9
201607290659,-2
201607290714,-1
201607290956,-4
201607290959,-3
201607291003,7
201607291110,1
201607291130,-4
201607291734,4
201607291757,-3
201607292003,-3
201607292230,-2
201607300553,6
201607300554,7
201607300557,-7
201607300635,0
201607300705,1
201607300719,1
201607300929,3
201607301106,-6
201607301107,-3
201607301255,3
201607301455,-1
201607301504,-4
201607301512,-2
201607301518,6
201607301524,0
201607310557,-6
201607310632,-3
201607311309,-2
201607311331,4
201607311757,-1
201608010410,2
201608010427,1
201608010752,1
201608011142,2
201608011143,-8
201608011144,-1
201608011145,-8
201608011146,2
201608011546,1
201608011552,1
201608011554,-10
201608011602,1
201608011625,2
201608011833,4
201608011840,-1
201608011858,3
201608020324,-3
201608020807,-1
201608020810,-1
201608020811,-1
201608021047,-2
201608021100,1
201608021200,-1
201608021207,-2
201608021452,2
201608021951,4
201608030214,2
201608030323,-5
201608031020,1
201608031510,4
201608031610,2
201608040817,1
201608041223,4
201608041918,-1
201608041919,-9
201608050608,-3
201608050941,-1
201608050946,-2
201608050952,2
201608050958,-3
201608051000,-1
201608051057,-1
201608051059,2
201608051102,-3
201608051104,-1
201608051116,2
201608051118,-1
201608051119,-3
201608051120,-1
201608051133,2
201608051134,-1
201608051135,-3
201608051136,-1
201608051228,5
201608051412,-1
201608051414,-1
201608051416,-3
201608051542,2
201608051957,-6
201608052059,3
201608060453,-7
201608060748,1
201608061105,-1
201608061108,-1
201608061304,1
201608061853,0
201608061903,2
201608070649,1
201608071431,-6
201608071609,-3
201608071705,-1
201608080628,1
201608080820,2
201608081314,4
201608081545,-4
201608081618,1
201608081945,4
201608090459,-2
201608090501,2
201608090502,3
201608090807,2
201608090808,2
201608090809,2
201608090818,4
201608090819,2
201608091349,-1
201608091811,-3
201608091921,-4
201608100743,-3
201608100808,1
201608100836,-4
201608101054,2
201608101636,0
201608101638,-4
201608102106,-1
201608102110,2
201608102216,-1
201608110715,-2
201608111501,2
201608120407,-5
201608120443,-2
201608120601,2
201608120909,-3
201608120912,-1
201608121012,-1
201608121013,-3
201608121014,2
201608121036,1
201608121717,2
201608131129,-4
201608131139,6
201608131239,3
201608131302,-1
201608131303,7
201608131306,15
201608140524,-1
201608140531,-2
201608140537,-4
201608140950,-2
201608140955,-2
201608141006,2
201608141657,1
201608141834,-3
201608161617,1
201608170624,1
201608170957,-5
201608171305,-2
201608171525,2
201608190340,-4
201608190542,2
201608190543,-8
201608190627,3
201608191516,1
201608191800,-4
201608201602,2
201608201611,2
201608201702,2
201608201704,1
201608211635,3
201608211733,-3
201608211808,-2
201608211819,3
201608220421,-1
201608220429,0
201608220531,2
201608221406,1
201608221646,4
201608221756,5
201608221802,-3
201608230556,-6
201608230653,-3
201608230937,1
201608231421,4
201608231713,2
201608232134,1
201608240701,-2
201608241024,1
201608241539,2
201608241840,1
201608250534,4
201608250544,-6
201608251311,-4
201608251314,-5
201608251425,-4
201608251940,2
201608251945,-2
201608251946,3
201608251958,-3
201608252059,1
201608260650,1
201608260720,-4
201608260750,0
201608260901,0
201608261014,1
201608261218,-1
201608261221,2
201608261226,-2
201608261559,2
201608261654,-1
201608261659,1
201608261732,1
201608270717,2
201608270810,-3
201608270926,-3
201608271048,-3
201608271147,6
201608271908,11
201608271933,-2
201608272037,3
201608280701,1
201608281512,5
201608281627,-3
201608290602,-5
201608290609,-3
201608290615,-3
201608290623,-2
201608290630,-6
201608290635,-3
201608291503,-5
201608291715,1
201608291727,1
201608300327,-4
201608301917,1
201608301933,1
201608302056,1
201608302140,3
201608302158,-1
201608302206,4
201608310607,-2
201608311740,2
201608311743,4
201609010331,-1
201609010346,2
201609011553,2
201609020528,-7
201609020532,1
201609020535,4
201609031027,1
201609031315,1
201609031333,6
201609031336,-7
201609040555,2
201609040911,-2
201609040935,2
201609041505,-3
201609041605,-2
201609041626,-7
201609041824,-1
201609041828,-3
201609042058,6
201609042059,2
201609050649,-3
201609050703,-1
201609052122,-3
201609060400,6
201609060412,-7
201609060548,2
201609060605,1
201609060831,-1
201609061057,1
201609061302,4
201609061820,2
201609062102,7
201609071323,5
201609072110,1
201609080339,3
201609080352,4
201609080809,8
201609080817,-5
201609080925,-2
201609081116,7
201609081117,7
201609081739,-5
201609082247,-2
201609082257,4
201609090737,-2
201609090742,-4
201609090920,1
201609091032,1
201609091613,14
201609091931,1
201609100543,5
201609100547,6
201609100854,-2
201609101118,-1
201609101346,1
201609101637,-3
201609101814,0
201609120421,2
201609120851,-2
201609121735,0
201609121749,7
201609122019,1
201609130614,1
201609130800,1
201609131304,6
201609131924,2
201609131940,2
201609132021,1
201609141346,1
201609141424,1
201609141716,8
201609141757,1
201609142000,2
201609142059,-4
201609150348,2
201609151411,2
201609151523,0
201609151541,2
201609151546,4
201609151943,2
201609161058,9
201609161401,4
201609161813,4
201609170451,-2
201609170613,-7
201609171028,-3
201609171029,-7
201609171438,-8
201609171557,-6
201609171614,-5
201609180606,-5
201609181407,3
201609181411,4
201609181930,-1
201609181932,-5
201609190402,2
201609190514,1
201609190932,3
201609190941,-3
201609190953,-2
201609191252,2
201609191714,2
201609191719,1
201609191726,5
201609201333,-4
201609210620,-1
201609210623,-5
201609211101,3
201609211535,1
201609211754,10
201609211758,2
201609220745,1
201609221817,4
201609230855,2
201609231026,-3
201609231032,1
201609231313,1
201609231909,-7
201609240535,8
201609240543,4
201609240710,1
201609241008,-1
201609241639,1
201609250530,-3
201609251718,-8
201609251813,-5
201609252101,1
201609252134,4
201609252218,3
201609252254,1
201609252332,5
201609260502,1
201609261630,1
201609261818,-1
201609261823,-3
201609261828,3
201609261833,-3
201609261850,4
201609261851,1
201609261919,4
201609261921,-2
201609261922,2
201609261926,-2
201609261933,2
201609261936,-1
201609261942,1
201609270344,2
201609270555,3
201609270614,3
201609270649,2
201609270749,-2
201609270755,-1
201609270847,6
201609270958,2
201609271047,6
201609271259,2
201609271306,3
201609271408,1
201609271513,1
201609271803,0
201609271917,0
201609280541,4
201609280920,1
201609281026,1
201609281040,2
201609281442,2
201609281654,1
201609281701,2
201609282023,1
201609282042,1
201609291105,-1
201609291216,1
201609291517,-1
201609291916,1
201609300214,-6
201609300219,-5
201609300230,-3
201609300550,-2
201609300721,0
201609301124,-3
201609301303,1
201609301310,2
201610011001,-2
201610011316,0
201610011347,-4
201610011425,-2
201610020422,-2
201610021448,2
201610021459,2
201610021645,-1
201610030710,1
201610031503,-1
201610032039,1
201610041236,1
201610041240,2
201610041248,2
201610041644,1
201610041655,4
201610041712,1
201610041718,3
201610041801,2
201610041806,3
201610041812,-1
201610041821,-2
201610041822,-3
201610041824,-1
201610041826,-1
201610041828,-3
201610041829,1
201610041833,-2
201610041834,2
201610041835,-6
201610041836,-7
201610041837,2
201610041850,1
201610041905,-2
201610041906,2
201610041909,-1
201610041912,-2
201610041913,-2
201610041917,-8
201610041919,-2
201610041922,-4
201610041926,0
201610041927,-3
201610041928,0
201610041930,-2
201610041931,-1
201610041932,-3
201610041936,5
201610042102,1
201610042124,5
201610050628,3
201610051140,3
201610051153,1
201610051419,-2
201610051422,-2
201610051815,4
201610051832,2
201610051853,2
201610061139,1
201610061141,3
201610081240,-3
201610081540,-5
201610081541,-9
201610081738,1
201610090600,2
201610090617,2
201610090701,2
201610090704,-2
201610091016,4
201610091526,-4
201610091626,1
201610091808,4
201610091813,2
201610091823,-6
201610091824,-1
201610091827,4
201610091828,2
201610091835,4
201610091836,0
201610091843,-2
201610091844,-2
201610091845,-1
201610091849,0
201610091857,-1
201610091902,-3
201610091903,-2
201610091907,7
201610091911,-3
201610091912,2
201610091914,-5
201610091915,3
201610091920,1
201610091924,5
201610091930,0
201610091931,2
201610091941,-1
201610091955,4
201610092001,8
201610101008,3
201610101022,-4
201610101214,-8
201610101231,0
201610101531,-3
201610110516,5
201610110605,-7
201610110700,2
201610110715,3
201610110748,3
201610110825,3
201610110952,5
201610111043,1
201610111129,-1
201610111143,-2
201610111604,0
201610111756,1
201610120559,2
201610120646,-5
201610120700,-1
201610121220,-1
201610121559,1
201610130635,-4
201610130652,1
201610131551,0
201610131628,1
201610131653,1
201610131818,0
201610140823,-1
201610141228,1
201610141321,-2
201610141814,4
201610150351,-4
201610150445,-3
201610150517,1
201610150523,-3
201610150837,-1
201610150852,3
201610151111,1
201610151129,-4
201610151549,-2
201610151611,1
201610151703,4
201610160414,-3
201610160436,-3
201610160531,-1
201610160612,-7
201610160907,-4
201610161001,-7
201610161226,-5
201610161313,1
201610161354,2
201610161515,2
201610161529,4
201610161534,6
201610170524,-2
201610170528,2
201610170533,-8
201610170535,1
201610170758,-4
201610170812,-2
201610170820,-1
201610170824,-4
201610170912,4
201610171211,-5
201610171231,-3
201610171403,1
201610171438,1
201610171527,1
201610171546,-1
201610171551,1
201610171842,2
201610171907,-1
201610180432,-6
201610180833,2
201610180834,-1
201610180836,-3
201610181105,-1
201610181125,-1
201610181731,-3
201610181734,1
201610182110,1
201610182127,-7
201610190957,-1
201610191105,-3
201610191106,-1
201610191209,-1
201610191231,1
201610191422,-2
201610191426,1
201610191428,-4
201610191514,1
201610191557,-5
201610191757,-1
201610191811,1
201610191813,-3
201610191822,2
201610191823,2
201610191824,0
201610191827,3
201610191828,-2
201610191832,1
201610191837,-6
201610191839,-1
201610191842,-2
201610191851,-3
201610191856,-3
201610191902,-4
201610191908,0
201610191914,-3
201610191916,-2
201610191919,-6
201610191921,0
201610191924,-3
201610191929,2
201610191931,-2
201610191932,-1
201610191934,2
201610191951,1
201610191959,3
201610200014,6
201610200852,-1
201610201033,4
201610201125,-1
201610201227,2
201610201251,1
201610201306,3
201610201326,-3
201610201330,-1
201610201459,-3
201610201508,0
201610210823,-2
201610211034,6
201610211154,2
201610211158,0
201610211510,-1
201610211514,-2
201610211530,-2
201610211536,-3
201610211546,2
201610211550,-1
201610211758,1
201610211941,1
201610212023,4
201610220435,-1
201610220701,1
201610221054,2
201610221118,-1
201610221140,2
201610221409,-1
201610221434,-2
201610221608,1
201610221926,-2
201610230934,2
201610231056,1
201610231640,-2
201610231707,-1
201610240500,4
201610240544,4
201610240605,1
201610240717,0
201610240904,-2
201610240935,1
201610240937,0
201610241130,5
201610241201,1
201610241339,1
201610241415,1
201610241450,-1
201610241733,1
201610241827,4
201610241843,4
201610250731,-4
201610250733,-3
201610250744,-1
201610250822,-2
201610250920,-2
201610251127,4
201610251343,-2
201610251403,-3
201610251436,4
201610251454,-1
201610251631,3
201610261149,1
201610261459,-1
201610261857,3
201610270517,-4
201610270601,3
201610270708,-4
201610270710,1
201610270732,1
201610270744,1
201610270749,-1
201610271045,1
201610271327,1
201610271402,1
201610271407,1
201610271505,2
201610271523,2
201610271527,1
201610271537,1
201610271714,1
201610272111,1
201610280827,-3
201610280839,1
201610280853,-5
201610281004,-2
201610281024,3
201610281220,-3
201610290837,-2
201610291256,-1
201610291302,3
201610291823,4
201610291836,1
201610300655,-3
201610300704,5
201610300726,-1
201610301058,3
201610301205,3
201610301619,1
201610301623,4
201610301952,3
201610302059,4
201610310900,2
201610310938,7
201610311200,3
201610311349,5
201611010331,-5
201611010455,4
201611010501,-1
201611010635,1
201611010714,-3
201611011144,4
201611011415,2
201611011416,1
201611011420,0
201611011428,-2
201611011457,-1
201611011607,1
201611011732,2
201611012043,1
201611020335,-2
201611020547,-3
201611020611,6
201611020737,0
201611021015,8
201611021157,2
201611021158,-2
201611021209,-3
201611021430,1
201611022044,4
201611022055,1
201611030527,3
201611030534,0
201611031225,6
201611031352,4
201611031428,1
201611031935,1
201611040832,1
201611040917,2
201611040926,-7
201611041146,-5
201611041156,-5
201611041207,0
201611041333,1
201611041614,3
201611041631,3
201611041650,1
201611041657,1
201611042127,1
201611050945,1
201611051306,2
201611051427,1
201611051439,3
201611051719,1
201611051720,1
201611051903,0
201611052114,9
201611052335,2
201611061709,1
201611061852,2
201611062342,8
201611071403,9
201611071437,-1
201611071521,2
201611071628,1
201611071716,-1
201611071717,1
201611072043,2
201611081418,3
201611081620,5
201611081835,1
201611090436,1
201611101231,3
201611101910,4
201611101919,-3
201611110414,3
201611120805,12
201611130716,-1
201611130743,-5
201611130745,9
201611130823,8
201611130828,6
201611130903,-2
201611130933,2
201611131146,5
201611150634,6
201611160428,2
201611160512,-4
201611160517,-2
201611160525,-4
201611170546,4
201611171915,1
201611181535,2
201611190634,1
201611190639,2
201611190648,4
201611190656,0
201611200422,-4
201611200626,2
201611200639,2
201611200705,4
201611211922,1
201611220416,0
201611220431,-3
201611220436,-2
201611220638,3
201611221724,-1
201611231917,8
201611232030,3
201611240811,1
201611260608,-3
201611261731,-9
201611262059,5
201611270555,0
201611270601,3
201611270608,-2
201611270618,-2
201611270623,-1
201611270629,0
201611271330,10
201611271334,7
201611271341,2
201611271731,-5
201611281401,3
201611281914,-6
201611281919,-13
201611281921,2
201611282003,-3
201611290415,5
201611290434,-6
201611290455,-3
201611291308,-2
201611291345,1
201611292050,4
201611300420,-4
201611300454,-2
201611300459,1
201611300823,6
201611301300,2
201612010737,-1
201612010738,2
201612011552,1
201612011945,4
201612021744,6
201612021841,1
201612022006,-2
201612022213,-3
201612040457,0
201612040505,-1
201612040521,-3
201612040523,-1
201612041158,-5
201612041447,2
201612041523,-1
201612050653,5
201612050900,-2
201612060652,-1
201612060945,1
201612061209,1
201612061210,3
201612061417,-3
201612070518,2
201612071138,2
201612071237,1
201612071741,-2
201612071856,1
201612081415,-1
201612081555,1
201612081612,4
201612091242,1
201612100538,6
201612100711,-6
201612100714,2
201612101141,-2
201612101209,2
201612110556,2
201612110612,11
201612110651,3
201612111732,2
201612111802,-8
201612120617,-3
201612120621,-1
201612120626,2
201612121640,-2
201612130457,4
201612131433,1
201612131752,1
201612132048,2
201612150605,-7
201612150609,2
201612150628,-1
201612150724,-5
201612151527,1
201612160903,0
201612170607,3
201612170657,-1
201612171417,1
201612171712,4
201612181454,-7
201612191621,-7
201612191651,2
201612191946,2
201612191950,3
201612200603,3
201612200609,0
201612201327,2
201612210615,8
201612210624,7
201612210629,1
201612212039,3
201612220637,1
201612220950,4
201612221526,3
201612230453,1
201612230458,-8
201612231417,-8
201612231423,-3
201612231713,2
201612241359,-2
201612241433,-5
201612241444,3
201612241721,2
201612251048,6
201612261436,3
201612261441,-1
201612261632,3
201612262006,4
201612271452,-1
201612272010,2
201612280707,-2
201612280719,-4
201612280725,-1
201612281506,2
201612301241,0
201612301246,2
201612301518,2
201612302200,7
201612302243,3
201612302244,3
201612302349,17
201612310617,-2
201612311158,3
201612311159,3
201701021031,-7
201701021132,-1
201701021137,-2
201701021144,3
201701021605,2
201701021647,6
201701030530,0
201701030546,-2
201701030551,2
201701030803,-2
201701030807,2
201701031000,4
201701031144,1
201701031814,-2
201701040522,-3
201701040610,-2
201701040627,-4
201701040655,-4
201701040701,-2
201701040726,-2
201701050457,-5
201701050501,-2
201701050625,-1
201701050645,3
201701051114,-1
201701051724,4
201701051730,-1
201701060419,-2
201701060445,-3
201701060505,1
201701060534,1
201701060542,4
201701060951,3
201701061230,-2
201701061707,3
201701062053,0
201701070456,-1
201701070503,-5
201701070802,-10
201701070821,1
201701071654,4
201701072105,-6
201701080936,3
201701080946,-6
201701081156,-1
201701090417,8
201701090427,-1
201701090436,-5
201701090443,-5
201701090716,1
201701091920,1
201701100826,2
201701101350,2
201701101530,4
201701101819,-3
201701102101,-3
201701102124,2
201701110513,-4
201701110544,-1
201701110548,-4
201701120523,-5
201701120650,6
201701120722,-3
201701121041,2
201701130405,-4
201701130411,-3
201701130425,-9
201701130433,2
201701131042,6
201701140550,-2
201701140607,-5
201701140614,-4
201701141722,-3
201701141858,4
201701150659,-3
201701150702,4
201701151200,-3
201701151304,-5
201701151313,-6
201701151546,-8
201701151716,-2
201701151729,-6
201701160654,9
201701161842,-2
201701170611,-1
201701170746,-6
201701170752,-2
201701171036,1
201701171236,2
201701172101,6
201701180453,2
201701180534,-2
201701180544,-1
201701180606,-3
201701181521,4
201701182124,4
201701190600,-2
201701190602,-1
201701191318,2
201701191321,1
201701192156,4
201701200531,-2
201701201052,1
201701201054,2
201701210453,4
201701211654,-1
201701220535,8
201701220547,-7
201701220551,4
201701220723,1
201701230438,2
201701240411,2
201701241916,0
201701241925,-3
201701250510,-7
201701250513,-1
201701251703,1
201701251914,1
201701251948,2
201701260404,-7
201701260651,-2
201701260655,-8
201701261215,-1
201701261221,-1
201701261645,2
201701261653,2
201701270612,-3
201701270619,0
201701270927,2
201701270930,2
201701271500,2
201701271646,1
201701280604,-7
201701280608,-4
201701280616,-4
201701281550,2
201701290600,-5
201701290608,-3
201701291445,-6
201701291449,-5
201701291639,2
201701300516,-3
201701300520,-3
201701300527,3
201701300631,-8
201701300643,1
201701300723,-3
201701301407,1
201701310421,-7
201701310427,-2
201701311801,1
201701312045,9
201702010550,-8
201702012055,-5
201702020413,-2
201702020418,2
201702020425,4
201702020434,-3
201702020439,-2
201702021029,3
201702030424,-7
201702030428,-2
201702030434,-2
201702030441,2
201702030448,-2
201702030551,0
201702031608,-3
201702032007,-2
201702040559,-1
201702040606,-6
201702040612,-3
201702040639,-7
201702041344,-5
201702041444,-8
201702041637,-7
201702041734,5
201702041748,0
201702051339,-7
201702051342,1
201702051347,2
201702051549,2
201702052036,12
201702060501,-5
201702060507,-3
201702060932,-4
201702061633,5
201702061933,-5
201702061949,-2
201702070504,-8
201702070511,-8
201702070925,4
201702071804,-3
201702080503,6
201702080604,-5
201702080823,2
201702080851,-3
201702080854,0
201702081041,0
201702081222,1
201702081239,1
201702081446,0
201702081805,2
201702090619,-1
201702090626,-5
201702090631,2
201702090652,4
201702090858,-1
201702100615,-2
201702100635,-5
201702110512,1
201702110633,4
201702111128,1
201702111600,0
201702120434,-5
201702120455,-1
201702120514,-7
201702120623,1
201702120841,2
201702121519,-1
201702131150,4
201702131957,2
201702132030,4
201702140728,-3
201702141550,0
201702150440,-9
201702150508,-5
201702150519,-2
201702150613,-3
201702151217,1
201702151245,1
201702151434,-2
201702151659,-2
201702160434,8
201702160458,-6
201702160710,-3
201702160739,-9
201702170443,3
201702170834,1
201702171432,-11
201702171448,-9
201702171615,-3
201702180631,-5
201702181326,-1
201702200715,0
201702200733,3
201702201738,2
201702211623,-5
201702220520,3
201702220550,4
201702231701,-3
201702240531,-1
201702240536,-2
201702241004,-1
201702242009,-7
201702250619,-1
201702250627,2
201702251502,2
201702260433,0
201702260442,-5
201702261116,-6
201702271943,2
201702281830,1
201703020400,4
201703021922,0
201703021927,-3
201703021935,-2
201703021938,-3
201703030519,0
201703031347,-1
201703031348,4
201703031349,-1
201703031402,-1
201703040435,-3
201703040449,1
201703040502,-5
201703040619,-9
201703050432,1
201703051030,2
201703061422,4
201703061649,3
201703070504,-7
201703070513,2
201703070613,2
201703070641,-2
201703070714,-3
201703071714,0
201703080413,3
201703080511,2
201703090613,2
201703091001,3
201703091536,3
201703091611,2
201703100632,-1
201703110739,-1
201703130552,6
201703130611,-3
201703131357,1
201703140912,2
201703150355,-3
201703150402,-7
201703150413,3
201703150429,4
201703150514,-1
201703151355,2
201703160852,2
201703161309,2
201703161443,3
201703161454,2
201703161543,2
201703170235,-4
201703170512,3
201703170526,2
201703170530,3
201703170534,-3
201703170607,-2
201703170707,2
201703180615,-3
201703180623,3
201703200335,-3
201703200349,-5
201703200535,-5
201703200614,2
201703201015,7
201703201918,1
201703211033,4
201703211112,1
201703220609,-1
201703221833,1
201703230518,-5
201703230816,-7
201703230907,2
201703231519,2
201703240514,-4
201703240523,0
201703241003,5
201703241059,7
201703250629,5
201703250737,-3
201703251537,6
201703260521,8
201703271835,1
201703271841,3
201703271903,-3
201703280826,0
201703281357,2
201703281541,-3
201703290501,-8
201703291439,-3
201703291658,1
201703291912,4
201703300607,-1
201703300727,-4
201703301417,4
201703301418,-1
201703301420,-1
201703301516,0
201703310404,-4
201703310735,2
201703311028,4
201703311130,3
201703311237,5
201704010543,-7
201704010602,-5
201704010859,-2
201704010906,-3
201704010950,6
201704011002,0
201704020556,-1
201704020603,-1
201704021758,3
201704030315,4
201704030421,-1
201704030900,5
201704031056,2
201704031239,2
201704041238,3
201704041403,3
201704051418,7
201704061130,4
201704071622,4
201704080750,3
201704080754,2
201704081200,3
201704081258,4
201704090820,-5
201704090821,2
201704101459,5
201704101656,7
201704110448,2
201704110459,1
201704110503,-1
201704110559,3
201704111327,3
201704112016,2
201704120522,-2
201704120537,8
201704121448,5
201704121609,2
201704121610,1
201704121732,0
201704130608,2
201704130616,4
201704131221,5
201704132018,-11
201704160524,3
201704160607,3
201704160641,2
201704161745,0
201704170507,-1
201704170517,-9
201704170631,-2
201704170635,2
201704171538,2
201704171541,2
201704171918,5
201704180239,-8
201704180248,2
201704180338,-13
201704180346,-1
201704182109,6
201704190543,-4
201704191326,4
201704191834,4
201704200648,-4
201704201435,2
201704210311,-4
201704210332,-1
201704210350,-3
201704210604,2
201704211743,-2
201704212038,2
201704220818,1
201704221201,8
201704221449,6
201704230707,2
201704230720,-2
201704230842,-4
201704230844,-3
201704231248,-5
201704231255,3
201704240515,-3
201704240528,-1
201704241011,1
201704241018,0
201704250423,2
201704250530,-1
201704250536,-4
201704251051,1
201704251632,1
201704260320,-5
201704260330,-2
201704260338,-3
201704260351,-3
201704260753,3
201704261527,2
201704261606,-5
201704270412,1
201704270421,3
201704270430,-2
201704270737,2
201704270738,1
201704270739,-3
201704271159,2
201704271442,-2
201704271543,2
201704280512,-2
201704280515,5
201704281531,2
201704281626,-1
201704281940,1
201704291039,1
201704300505,7
201704300528,-3
201704300532,2
201705011229,3
201705011330,3
201705011755,-8
201705020607,-2
201705021408,2
201705021951,-2
201705022006,-4
201705031357,1
201705031501,6
201705032316,3
201705040340,-2
201705040402,-3
201705040407,1
201705040528,-2
201705040826,4
201705041056,-3
201705041107,3
201705041955,1
201705050552,7
201705050602,-2
201705051213,-3
201705051622,-6
201705051629,-6
201705061539,1
201705070415,-3
201705070417,-3
201705070437,-2
201705070549,-3
201705071222,6
201705071558,-2
201705080432,10
201705080457,-1
201705081042,2
201705081541,-3
201705081543,-5
201705081546,-2
201705091019,4
201705091942,0
201705100410,-7
201705100419,1
201705100421,2
201705100427,1
201705100428,-3
201705100524,-2
201705100539,-2
201705100557,-3
201705101223,-3
201705101714,-4
201705111234,2
201705111255,1
201705111334,-5
201705120451,-4
201705120453,-3
201705120459,4
201705120507,-1
201705120526,2
201705120620,1
201705121409,1
201705121416,4
201705131054,2
201705131157,7
201705140813,8
201705151254,2
201705160403,1
201705160413,0
201705161238,2
201705171336,4
201705180439,-3
201705180707,-3
201705181545,2
201705200850,5
201705210415,4
201705220613,2
201705230504,3
201705230843,4
201705230847,1
201705230858,5
201705240520,3
201705241311,1
201705250733,4
201705251054,2
201705251306,3
201705260313,5
201705260314,3
201705261326,-2
201705261339,4
201705270258,1
201705270303,3
201705270917,-2
201705280457,8
201705280502,4
201705280510,1
201705280534,-3
201705280535,-5
201705280540,0
201705280545,-5
201705280743,-4
201705281657,-3
201705281707,1
201705281720,-6
201705290511,5
201705290518,-3
201705290535,6
201705290536,2
201705292106,-2
201705300340,-6
201705300404,-8
201705300659,1
201705310309,4
201705310345,-3
201705310414,-5
201705310605,2
201705311304,2
201705311452,2
201705311740,-5
201706011203,1
201706020332,-3
201706020333,1
201706020334,4
201706031601,-4
201706031617,3
201706031624,4
201706040419,-3
201706040431,-9
201706040443,-1
201706050325,-2
201706050329,0
201706050337,0
201706050344,1
201706050649,-6
201706051345,6
201706051820,-1
201706060341,8
201706060343,-6
201706060351,-2
201706060458,-5
201706060515,3
201706060636,-1
201706061047,2
201706061807,2
201706070517,-4
201706090310,4
201706090710,1
201706090722,7
201706091128,3
201706091148,2
201706091552,2
201706110523,-2
201706110529,-5
201706110549,-2
201706111902,2
201706111909,2
201706111914,-3
201706120958,-10
201706121059,2
201706121410,1
201706121709,2
201706130335,-12
201706130344,-2
201706130507,-1
201706130545,-2
201706130548,-4
201706130629,2
201706130656,-2
201706131950,2
201706140548,-3
201706140707,5
201706141841,1
201706150355,5
201706150457,-3
201706151256,-2
201706151443,2
201706160453,-2
201706160523,-4
201706160607,-4
201706161532,3
201706161830,3
201706180338,-2
201706180346,-2
201706180402,2
201706181407,-1
201706181451,4
201706181452,3
201706190527,-5
201706191315,3
201706191327,3
201706191329,-3
201706191335,-3
201706191453,2
201706191656,2
201706191745,-3
201706200249,-5
201706200252,4
201706200302,0
201706200941,-7
201706201842,2
201706201933,5
201706201941,12
201706202012,12
201706202048,-3
201706220618,5
201706220622,-2
201706220701,-1
201706220708,-8
201706220715,-1
201706220954,-3
201706221449,1
201706221540,-1
201706221933,6
201706230307,2
201706230339,5
201706231256,2
201706240551,-1
201706241344,-4
201706241350,-1
201706250500,-4
201706250507,2
201706260530,-1
201706260537,4
201706260550,-2
201706260605,-4
201706260614,-2
201706261116,-2
201706261125,4
201706261924,-1
201706261931,7
201706270333,-1
201706270530,-3
201706270547,-8
201706271522,-3
201706280349,-3
201706280358,-3
201706280403,-3
201706280606,-3
201706281319,2
201706281406,2
201706281532,1
201706281851,-3
201706290527,-5
201706290552,-5
201706290558,-3
201706291113,1
201706291231,1
201706291413,-5
201706291528,-3
201706291553,-3
201706291609,1
201706291610,5
201706300348,-2
201706300555,-7
201706301119,2
201706301355,-2
201706301543,4
201707010544,3
201707010559,-5
201707010607,-7
201707010612,2
201707010620,-11
201707011438,6
201707011502,0
201707012147,5
201707021304,-2
201707021655,-1
201707021913,2
201707030419,2
201707030510,0
201707030700,3
201707031238,2
201707031344,3
201707031410,-3
201707031833,3
201707031919,0
201707031924,-2
201707041249,6
201707041255,-1
201707050351,-1
201707050414,-2
201707051623,7
201707052359,-3
201707060902,1
201707061021,3
201707061345,10
201707070040,-2
201707070044,-2
201707081117,-1
201707081120,9
201707081150,1
201707081155,3
201707090415,-1
201707090431,-2
201707090437,2
201707090450,-2
201707090457,0
201707090506,-4
201707090531,1
201707091307,2
201707091309,2
201707100330,-3
201707100332,-4
201707100334,-1
201707100340,-4
201707100347,4
201707100431,1
201707100447,-3
201707100452,-4
201707110349,-2
201707110359,4
201707110446,0
201707110509,-5
201707110523,4
201707110557,-4
201707120255,-3
201707120319,-2
201707120332,-3
201707120340,2
201707120405,-3
201707120639,4
201707121320,5
201707121535,4
201707121606,3
201707121624,8
201707130550,8
201707131145,3
201707140056,2
201707140057,-1
201707140105,0
201707140107,-1
201707140109,3
201707140404,5
201707140639,-2
201707141522,2
201707141539,1
201707141834,7
201707142002,3
201707150930,-2
201707151056,0
201707151329,3
201707160335,-3
201707160351,0
201707160404,4
201707160415,-9
201707160710,-3
201707161016,3
201707161400,3
201707161722,6
201707161724,2
201707171917,1
201707180453,6
201707180458,-2
201707180626,-2
201707181753,-5
201707181759,-3
201707190530,1
201707190546,-4
201707210828,2
201707211219,2
201707211846,-1
201707220333,-5
201707220345,-7
201707220435,0
201707220510,2
201707220517,4
201707220523,-3
201707220743,1
201707221750,7
201707231309,-3
201707231311,-3
201707231314,-1
201707231657,-4
201707231701,-3
201707231723,2
201707240340,-6
201707240352,-2
201707240612,-6
201707240618,2
201707241433,2
201707241813,10
201707241928,-6
201707241936,-3
201707242105,10
201707242140,4
201707250303,-1
201707250312,-2
201707250338,-4
201707250344,4
201707250516,3
201707251207,1
201707251224,2
201707260344,2
201707260349,3
201707260413,-3
201707260555,2
201707260604,3
201707260608,-4
201707261021,1
201707261354,4
201707270348,4
201707270424,2
201707270549,-2
201707270635,-5
201707270645,-3
201707271137,3
201707271208,1
201707271436,3
201707271549,11
201707280913,3
201707281349,3
201707281354,2
201707281400,4
201707281706,2
201707290407,2
201707290420,-1
201707290428,1
201707290432,0
201707290439,1
201707290447,3
201707290919,-1
201707290927,2
201707291336,-4
201707291615,2
201707291629,-4
201707291635,1
201707310516,-4
201707310528,-3
201707310529,3
201708010655,-6
201708020709,4
201708021129,1
201708021829,2
201708030500,1
201708030505,4
201708030512,-2
201708031103,4
201708040321,1
201708040326,0
201708040329,3
201708040335,4
201708040545,3
201708040618,2
201708040848,8
201708051512,2
201708051544,1
201708051614,1
201708061543,2
201708061818,-1
201708061822,7
201708070338,-1
201708070358,-1
201708070404,-1
201708070418,-2
201708070432,-1
201708070447,-2
201708070452,-3
201708070501,0
201708071103,1
201708071118,1
201708071315,2
201708071339,-2
201708071348,1
201708080341,-1
201708080359,-6
201708080411,-3
201708080417,1
201708081110,-3
201708081816,1
201708090356,-1
201708090422,-3
201708090423,-2
201708090424,-3
201708090426,-7
201708090456,4
201708090503,2
201708091818,0
201708100354,-2
201708100413,1
201708100417,-4
201708100940,-1
201708101318,1
201708101651,2
201708110408,-2
201708110412,-4
201708110429,1
201708110619,2
201708111129,1
201708111342,5
201708111443,5
201708121019,-7
201708121100,-2
201708121226,1
201708121323,2
201708121419,1
201708121550,-3
201708121625,-7
201708131503,-1
201708140338,2
201708140354,-3
201708140554,-1
201708141529,-4
201708142011,-3
201708150330,-4
201708150354,-3
201708150355,4
201708150403,-3
201708150508,-1
201708160312,-8
201708160318,4
201708160424,-5
201708160431,2
201708160439,-6
201708160751,6
201708160758,3
201708161014,-1
201708161711,1
201708161955,1
201708170324,-4
201708170332,-10
201708170356,-5
201708170607,1
201708170615,-2
201708170621,-2
201708171100,0
201708171145,-2
201708172159,3
201708180531,-3
201708180555,-3
201708180606,-1
201708180709,2
201708180827,5
201708180828,3
201708181830,-4
201708191047,-2
201708191222,0
201708191334,0
201708191341,-1
201708201622,-9
201708202001,3
201708210627,1
201708210632,-5
201708211800,1
201708212001,3
201708212218,3
201708212232,-7
201708220346,2
201708221215,-1
201708221612,7
201708221720,1
201708230620,5
201708230640,-3
201708230650,-2
201708231210,2
201708231541,4
201708231752,5
201708240519,4
201708240525,-1
201708240541,-5
201708240551,6
201708240607,1
201708240610,4
201708240615,10
201708240642,-2
201708241013,2
201708241539,7
201708241721,7
201708242023,2
201708250325,2
201708250340,2
201708250344,-3
201708250432,1
201708250525,2
201708251218,2
201708251403,3
201708251412,2
201708251512,3
201708251846,-2
201708251848,-2
201708251900,7
201708260417,0
201708260421,1
201708260423,-1
201708260432,4
201708260452,2
201708261246,2
201708261557,4
201708270445,2
201708270504,2
201708270525,-3
201708270559,-1
201708270615,10
201708270625,4
201708270644,-4
201708270651,-3
201708270739,2
201708271601,1
201708280608,-7
201708280611,1
201708280613,2
201708290422,2
201708290431,3
201708300627,-3
201708300642,-4
201708301238,1
201708301750,1
201708301800,7
201708310535,2
201708311306,2
201709010450,-1
201709010456,5
201709010535,3
201709010558,-1
201709011703,2
201709012217,5
201709020956,1
201709021855,9
201709021940,3
201709021941,0
201709030430,-1
201709030439,-2
201709030914,0
201709040938,3
201709050507,-3
201709050536,5
201709050550,-3
201709060347,-1
201709060351,-2
201709060437,3
201709061052,0
201709061620,4
201709061718,5
201709070533,5
201709070551,4
201709070552,-4
201709070553,1
201709070642,-3
201709071248,-1
201709071318,-1
201709071757,2
201709071833,4
201709080534,1
201709080537,5
201709080541,-3
201709080546,-2
201709080557,-1
201709081756,0
201709090841,2
201709091444,-3
201709091956,5
201709100327,2
201709100328,2
201709100332,5
201709100333,2
201709100334,5
201709111135,4
201709120517,2
201709120556,0
201709120611,3
201709121141,2
201709121312,2
201709130428,1
201709130434,2
201709130536,-1
201709131922,4
201709131947,-11
201709131952,-1
201709140311,3
201709140328,2
201709140405,-2
201709141204,-6
201709141218,-2
201709141231,-2
201709141232,0
201709141411,-2
201709141755,1
201709150337,-3
201709150342,-4
201709150348,-4
201709150354,-3
201709150400,1
201709150420,-4
201709151202,-3
201709151354,-3
201709151558,-2
201709151654,11
201709161559,4
201709161604,1
201709170440,4
201709170453,-3
201709170500,-1
201709170505,2
201709170516,4
201709170528,2
201709170529,2
201709170600,0
201709170602,-3
201709170603,-3
201709180614,3
201709180616,3
201709180936,2
201709180957,2
201709181631,3
201709182001,2
201709190421,1
201709190422,6
201709191022,-2
201709191209,1
201709191305,3
201709191504,3
201709191819,2
201709191923,1
201709191931,2
201709191933,3
201709191941,-6
201709200300,-2
201709200314,1
201709200340,-2
201709200403,0
201709200509,-2
201709200516,5
201709200529,5
201709200823,2
201709201008,4
201709201205,4
201709201209,2
201709201542,0
201709201742,0
201709201806,4
201709202013,1
201709210815,3
201709210817,4
201709211058,1
201709211523,1
201709211526,1
201709220319,2
201709220328,-5
201709220336,2
201709220344,-4
201709220426,-8
201709220439,3
201709221054,4
201709230350,-1
201709230359,0
201709230413,-5
201709230417,-1
201709230545,2
201709231111,-2
201709231118,-2
201709231416,2
201709231459,1
201709231520,0
201709231525,-2
201709240344,-6
201709240413,0
201709241120,-1
201709241212,-4
201709241214,2
201709241232,1
201709241525,2
201709241649,1
201709250425,3
201709250431,-1
201709250444,2
201709250606,-1
201709251528,1
201709251529,-2
201709251745,-7
201709251750,-8
201709251758,0
201709251850,-4
201709260328,-2
201709260335,-3
201709260341,5
201709260347,5
201709260355,1
201709260414,-4
201709260513,-1
201709260631,-1
201709260913,2
201709261311,2
201709261532,-5
201709261543,2
201709261646,4
201709261903,9
201709261917,9
201709270356,4
201709270409,4
201709270432,2
201709270636,-4
201709270641,4
201709271642,-1
201709271855,1
201709280455,2
201709281641,-3
201709281645,-4
201709281647,4
201709281649,-3
201709281703,2
201709281807,-3
201709290418,-3
201709290630,-3
201709291045,1
201709291302,4
201709291523,1
201709291603,4
201709291824,2
201709291829,2
201709291830,2
201709291833,2
201709300419,-3
201709300426,0
201709300429,4
201709300433,1
201709300435,-2
201709300441,-3
201709300448,-3
201709300455,-2
201709300507,-4
201709301104,1
201709301219,-1
201709301243,4
201709301256,-1
201709301257,-6
201709301515,3
201709301616,-3
201709301624,2
201710010505,-4
201710010522,-1
201710010526,4
201710010530,5
201710010730,2
201710010731,2
201710011201,-5
201710011822,2
201710020411,-3
201710030440,5
201710031422,-1
201710031459,2
201710031602,2
201710031720,0
201710031724,6
201710031725,-1
201710031726,4
201710031753,2
201710040325,-1
201710040429,-1
201710040747,-4
201710040818,-1
201710040849,-1
201710041636,3
201710041808,7
201710050330,-3
201710050334,-11
201710050344,0
201710050359,-6
201710050409,-3
201710050450,-6
201710051858,-3
201710070411,3
201710070500,-1
201710070517,-4
201710070624,1
201710070704,2
201710071231,2
201710071245,-4
201710071333,2
201710071441,2
201710080659,6
201710080709,1
201710080713,-2
201710081116,1
201710081249,1
201710081251,4
201710081351,-1
201710081637,2
201710081658,1
201710090405,1
201710091851,-2
201710100318,5
201710100342,-3
201710100513,2
201710100550,-4
201710101629,2
201710101815,-5
201710101821,0
201710110321,-1
201710110326,-1
201710110331,1
201710110336,-4
201710110347,-1
201710110645,-2
201710110655,-7
201710111249,1
201710111250,3
201710111418,1
201710111432,2
201710111628,4
201710111656,2
201710111709,-3
201710111717,2
201710111740,6
201710111755,2
201710120349,-4
201710120358,-2
201710120407,3
201710120545,-3
201710121006,3
201710121117,4
201710121319,3
201710121712,-8
201710121818,3
201710130236,-1
201710130407,-2
201710130410,-5
201710130414,-3
201710130451,-5
201710130501,3
201710130930,3
201710131007,1
201710131041,2
201710131109,-1
201710131802,1
201710131810,1
201710131817,-4
201710131831,6
201710140408,0
201710140412,2
201710140427,4
201710141427,-2
201710141428,1
201710141622,2
201710150625,-2
201710150646,2
201710151749,-1
201710160517,-1
201710160521,1
201710160549,-3
201710160554,-2
201710160557,2
201710160612,2
201710161632,7
201710170539,2
201710170916,2
201710171025,1
201710171159,2
201710171451,-6
201710171456,3
201710171606,4
201710171744,5
201710171921,9
201710180321,6
201710180327,2
201710180338,-1
201710180356,-2
201710180406,-2
201710180425,-5
201710180641,4
201710180807,-4
201710180958,6
201710181120,2
201710181227,-4
201710181631,3
201710182003,-3
201710182212,-1
201710190354,1
201710190417,-3
201710190456,-5
201710191843,-3
201710191953,-5
201710192000,2
201710200311,-1
201710200315,-1
201710200331,-4
201710201131,1
201710201150,2
201710201410,3
201710201652,6
201710210452,-1
201710210507,-4
201710210535,-1
201710210602,2
201710210614,-3
201710210950,2
201710211259,0
201710211306,-3
201710211551,-1
201710211657,2
201710211702,1
201710211709,3
201710220450,2
201710220502,0
201710220508,-9
201710230442,3
201710230453,-2
201710231618,-7
201710240513,-4
201710240520,-2
201710240630,-4
201710240713,-2
201710240720,3
201710241211,1
201710241520,4
201710250421,-7
201710250427,0
201710250430,3
201710250435,0
201710250533,2
201710251019,4
201710251224,2
201710251546,2
201710251826,2
201710251847,-1
201710260645,2
201710260707,-2
201710260711,-5
201710260730,-1
201710261429,0
201710261818,-5
201710270358,4
201710270409,1
201710270416,7
201710270426,6
201710270438,4
201710270550,6
201710270633,-1
201710270752,1
201710271116,4
201710271633,3
201710271913,-2
201710280528,-3
201710280737,-1
201710281410,-3
201710281508,10
201710281519,-4
201710290612,-1
201710290653,-8
201710290709,-9
201710290717,-3
201710290748,-1
201710310509,-3
201710310516,-3
201710310521,1
201710310710,-2
201710310908,5
201710310955,-1
201710311111,2
201710311214,1
201710311430,-3
201710311557,-3
201710311822,-2
201710311826,2
201711010430,1
201711010440,1
201711010759,-3
201711010803,1
201711011226,-2
201711011314,1
201711011414,-4
201711011603,-3
201711011909,0
201711011919,2
201711011930,2
201711011945,3
201711012021,3
201711012043,-9
201711020450,3
201711020454,-9
201711021031,2
201711021133,1
201711021143,1
201711021258,5
201711021535,5
201711021705,1
201711021739,-3
201711021748,2
201711021826,-2
201711021829,2
201711030357,2
201711030411,-1
201711030448,-2
201711030455,1
201711030503,-2
201711030511,-2
201711030728,1
201711030729,4
201711030909,-4
201711030954,-2
201711032007,5
201711032325,4
201711040008,-1
201711040510,1
201711040535,-3
201711040549,1
201711042148,1
201711050028,4
201711050037,2
201711051306,1
201711061412,-3
201711061415,2
201711061428,1
201711061603,2
201711070039,2
201711070325,3
201711070337,0
201711070353,-14
201711070356,-8
201711070730,3
201711071840,6
201711071914,1
201711072009,4
201711072012,0
201711072014,0
201711072043,3
201711080815,-3
201711080840,2
201711081117,2
201711090008,3
201711090658,3
201711091639,-7
201711091644,4
201711091817,5
201711100232,8
201711100306,3
201711100326,2
201711100331,3
201711100343,3
201711100557,4
201711110511,4
201711111632,2
201711111716,2
201711111718,-10
201711111743,-3
201711111748,-3
201711120420,4
201711122208,-1
201711122220,1
201711122226,1
201711130533,3
201711130757,3
201711130806,-2
201711131921,2
201711132134,1
201711132142,3
201711140107,0
201711140211,5
201711150322,-1
201711150330,5
201711150340,5
201711150345,-10
201711150353,-1
201711150935,-5
201711150939,-1
201711150952,-12
201711151911,-2
201711151914,-1
201711160434,2
201711161113,0
201711161316,2
201711161957,3
201711162006,-3
201711170329,-1
201711170803,-8
201711171613,5
201711180631,-7
201711191042,2
201711191622,-2
201711191657,1
201711191829,-4
201711191921,-2
201711200425,-3
201711200455,-3
201711211125,2
201711211549,7
201711220325,-9
201711220333,0
201711220348,-5
201711220408,3
201711220411,-2
201711220451,4
201711220600,0
201711221414,3
201711221432,2
201711221906,-1
201711222137,2
201711230428,5
201711230835,3
201711231554,5
201711231618,-6
201711240448,-7
201711240504,-2
201711240827,-8
201711241149,-3
201711241540,0
201711251240,5
201711251448,-4
201711251500,-2
201711251537,-2
201711251625,1
201711260652,-15
201711260733,2
201711261429,-4
201711261847,0
201711270704,-4
201711270716,-1
201711270724,1
201711271948,2
201711280545,-5
201711280600,2
201711280602,4
201711280604,3
201711280605,10
201711280610,4
201711280717,-7
201711280718,2
201711281544,2
201711281645,4
201711281845,-7
201711281945,1
201711282028,5
201711282035,3
201711290443,-3
201711290444,-2
201711290449,-6
201711290503,4
201711290516,-1
201711290658,-3
201711290714,-3
201711290740,-1
201711290749,4
201711291134,2
201711291554,4
201711291629,2
201711291740,3
201711291743,0
201711291802,0
201711291803,-2
201711291809,1
201711291900,-2
201711291923,2
201711300501,-1
201711300515,-4
201711300525,-6
201711300605,2
201711300846,2
201711301400,3
201711301736,6
201711301742,8
201711302030,-7
201712010403,-1
201712010413,-6
201712010421,-1
201712011308,-3
201712011449,3
201712020049,-1
201712020554,0
201712021014,-10
201712021407,2
201712021906,-6
201712021913,3
201712021922,-3
201712030415,-4
201712030419,-4
201712030446,2
201712030524,-1
201712030527,2
201712030542,-2
201712030600,-7
201712030615,-14
201712040417,-4
201712040500,-3
201712040503,-1
201712040535,3
201712051046,14
201712051613,1
201712060911,2
201712061105,1
201712061414,2
201712062236,9
201712062241,3
201712070916,11
201712071304,2
201712071352,5
201712071410,-4
201712072146,1
201712072306,3
201712080806,-6
201712080818,-4
201712081202,-8
201712081804,1
201712090541,3
201712090552,3
201712090602,-13
201712090621,1
201712090845,5
201712091119,11
201712091137,3
201712091501,-6
201712091614,-14
201712091639,10
201712091647,6
201712091917,-2
201712100630,-5
201712100635,-1
201712101418,-5
201712110717,-10
201712112108,9
201712120510,-7
201712120709,-12
201712120723,-1
201712121513,12
201712130422,4
201712130602,0
201712130745,1
201712131658,2
201712140559,-2
201712141005,4
201712141313,-2
201712141327,2
201712141335,1
201712141420,2
201712150655,2
201712151035,2
201712151248,6
201712151458,7
201712152008,-1
201712152009,-1
201712152012,2
201712160752,11
201712161305,2
201712171001,0
201712171413,4
201712171726,6
201712180423,4
201712181141,0
201712181151,2
201712181235,0
201712181319,2
201712181340,-2
201712181518,2
201712181525,4
201712181649,6
201712181754,5
201712182309,-1
201712190423,5
201712190807,3
201712191318,3
201712200732,-4
201712200939,5
201712210524,-14
201712210545,-2
201712210752,0
201712220547,3
201712220550,2
201712220605,3
201712220717,0
201712220804,-3
201712220807,-1
201712220946,-4
201712221140,6
201712221347,4
201712221511,-4
201712231330,2
201712231332,4
201712231544,-5
201712231557,-1
201712240525,1
201712240648,-9
201712241335,-1
201712241956,15
201712242051,3
201712250636,3
201712251633,2
201712260458,-3
201712260624,4
201712261517,-1
201712271611,4
201712280824,-1
201712280924,1
201712281517,2
201712281701,0
201712290546,-5
201712290548,4
201712290604,-4
201712290616,-8
201712292042,3
201712301200,-1
201712301202,-2
201712301412,2
201712301536,-8
201712301542,-1
201712310603,-1
201712310636,2
201712311136,0
201712311206,3
201712311500,-1
201712311518,0
201712311643,3
201801010512,-3
201801010544,0
201801020548,0
201801020644,-3
201801020649,-1
201801020739,5
201801020753,4
201801020816,-1
201801021111,4
201801021523,0
201801021537,3
201801021749,0
201801021805,-5
201801022103,-1
201801030637,3
201801031806,0
201801031907,-1
201801031911,-3
201801032104,-3
201801040402,-8
201801040411,1
201801040432,-1
201801040437,3
201801040848,1
201801041653,-7
201801042132,-15
201801050732,-3
201801050834,-1
201801060449,0
201801060457,-7
201801060519,-6
201801060527,7
201801060530,4
201801070733,-3
201801070740,-8
201801070815,-6
201801071335,3
201801071342,6
201801072023,-2
201801072024,-2
201801080720,-6
201801081206,5
201801081559,-1
201801081619,4
201801082123,4
201801091011,2
201801091317,2
201801091551,3
201801091607,10
201801091659,1
201801091716,2
201801092048,1
201801092129,2
201801100711,1
201801100800,-6
201801100814,1
201801101431,3
201801101607,4
201801101637,1
201801102142,2
201801102157,-1
201801110433,-3
201801110533,-10
201801110611,-3
201801110714,-2
201801110837,-1
201801111627,1
201801111947,2
201801111949,-1
201801111953,3
201801112001,-7
201801120459,-7
201801120509,-3
201801120520,0
201801120550,1
201801120648,1
201801121056,6
201801130613,-1
201801130614,-3
201801130720,-1
201801131508,-4
201801132042,2
201801132045,-11
201801132049,-2
201801140601,-3
201801140604,-5
201801140609,-6
201801140619,2
201801140650,1
201801140659,-1
201801150602,-1
201801150901,4
201801151328,-1
201801151750,2
201801151752,-2
201801151753,-4
201801160654,0
201801160707,-3
201801160719,-10
201801160730,-1
201801161243,2
201801161317,2
201801161619,-2
201801161620,1
201801171619,6
201801171628,6
201801171632,3
201801171636,-1
201801171800,-3
201801171805,0
201801171811,-3
201801180415,1
201801180425,-4
201801180553,5
201801180616,0
201801180637,1
201801180649,0
201801181345,4
201801181404,3
201801190504,-5
201801190928,-5
201801191139,4
201801191353,-2
201801191517,6
201801191928,2
201801200417,-4
201801200433,3
201801200444,1
201801200727,-2
201801201151,11
201801201531,-1
201801201740,-2
201801201747,1
201801210520,-2
201801210535,-3
201801211821,-1
201801212130,8
201801220607,2
201801220615,-2
201801222107,3
201801230431,0
201801230451,4
201801230455,4
201801230634,3
201801230716,7
201801232054,-2
201801240458,-1
201801241326,-3
201801241551,8
201801241727,4
201801251025,5
201801251538,0
201801260311,2
201801260346,2
201801260423,4
201801260554,1
201801261012,3
201801261016,-2
201801261627,4
201801262108,1
201801270455,3
201801271230,-5
201801271559,3
201801272058,2
201801280618,-5
201801291312,2
201801301900,1
201802010443,5
201802010451,-4
201802010502,3
201802012032,-2
201802020433,6
201802020449,0
201802021105,-1
201802021526,3
201802030740,1
201802031740,-4
201802031753,-5
201802040958,-5
201802042054,5
201802050511,-2
201802050517,-1
201802050539,-8
201802050736,0
201802050808,3
201802051342,-1
201802060632,-6
201802060637,5
201802060900,3
201802060905,-2
201802061545,-3
201802061748,4
201802062005,5
201802070759,-2
201802071101,7
201802071513,4
201802071536,5
201802080408,8
201802081013,1
201802081310,7
201802081626,3
201802082022,1
201802090639,5
201802090647,0
201802090659,-1
201802100720,-4
201802100820,2
201802100833,-5
201802101116,-4
201802101134,-3
201802101634,4
201802111121,-1
201802111215,-2
201802111326,7
201802111336,-3
201802120546,-2
201802120554,-6
201802121348,3
201802130343,2
201802130352,5
201802141115,9
201802141211,2
201802141350,-6
201802141355,-3
201802150512,-7
201802150757,0
201802151033,0
201802151222,-1
201802151225,-5
201802151226,-1
201802151319,-3
201802152153,-2
201802160737,-2
201802160749,-6
201802161318,-3
201802162108,-2
201802162122,-2
201802171204,-1
201802171226,-6
201802171236,-6
201802171246,1
201802171311,-9
201802171316,-2
201802171645,0
201802172128,-5
201802180502,2
201802180522,-4
201802180543,-4
201802180611,-3
201802180646,-6
201802180655,2
201802181010,-1
201802181213,2
201802191921,10
201802191929,-3
201802191948,3
201802200524,2
201802200537,-1
201802200546,6
201802200554,3
201802200603,3
201802200611,0
201802200638,-3
201802200816,-5
201802200829,-1
201802201049,1
201802201808,-10
201802201814,2
201802201818,2
201802210722,-5
201802211120,9
201802211412,-1
201802211840,4
201802220526,-4
201802220540,-7
201802220554,-3
201802220605,0
201802220613,4
201802220731,2
201802220753,1
201802220929,6
201802221307,4
201802221826,-9
201802230607,2
201802230609,-1
201802231006,3
201802231008,2
201802231012,4
201802231419,2
201802231546,1
201802240621,-1
201802240623,2
201802241154,7
201802241316,-1
201802241407,-7
201802241418,5
201802241526,4
201802241616,-8
201802241620,4
201802241644,-5
201802241756,-2
201802241800,2
201802242011,-3
201802251243,2
201802262120,3
201802262128,3
201802270459,5
201802270528,-2
201802270545,0
201802271111,4
201802271118,5
201802271555,2
201802271558,1
201802280502,4
201802280529,2
201802280708,-4
201802280734,-1
201802281010,3
201802281201,10
201802281434,-1
201803010453,1
201803010512,1
201803011106,-3
201803011126,1
201803011340,2
201803011431,3
201803011752,1
201803011959,2
201803020342,2
201803020350,9
201803020407,2
201803020601,-2
201803020657,1
201803021248,2
201803021331,-1
201803030715,3
201803031033,-4
201803031043,3
201803031053,1
201803041042,4
201803041710,-6
201803050447,0
201803050453,-1
201803050557,2
201803050622,4
201803051337,2
201803060555,-7
201803060600,-2
201803060607,4
201803060625,-1
201803060711,3
201803070424,-5
201803070440,-4
201803070810,-1
201803070838,2
201803080538,1
201803081120,5
201803081516,1
201803081517,1
201803081808,4
201803091335,2
201803091340,4
201803091548,3
201803091742,2
201803100638,-9
201803100822,8
201803100852,6
201803100915,8
201803101023,3
201803101122,0
201803101138,5
201803101302,0
201803101429,-4
201803101656,1
201803110641,-2
201803110650,-4
201803110702,-1
201803110816,4
201803120520,2
201803120615,6
201803120622,1
201803120712,-5
201803120743,-1
201803121413,2
201803130544,6
201803130824,-7
201803130827,-10
201803131523,0
201803131655,8
201803131725,8
201803131734,9
201803132131,1
201803140602,-4
201803140737,-3
201803141425,-3
201803141649,3
201803150411,5
201803150629,-2
201803151047,2
201803151610,-1
201803152108,-3
201803160740,-1
201803161042,2
201803170800,3
201803171011,2
201803171034,-5
201803171712,-10
201803180502,2
201803180522,-3
201803180535,3
201803190607,-2
201803191538,-6
201803191728,1
201803200836,5
201803210328,-4
201803210352,0
201803210411,-1
201803210429,-3
201803211156,-6
201803211205,5
201803212000,1
201803212004,2
201803220319,-11
201803220340,2
201803221140,2
201803221311,2
201803221526,12
201803230526,-7
201803230555,-5
201803231350,-4
201803231601,0
201803240940,-13
201803250310,-3
201803250333,-2
201803250342,-2
201803250440,-1
201803250449,1
201803250608,8
201803252026,6
201803260405,2
201803260538,-3
201803261744,4
201803271135,-1
201803280252,2
201803280305,4
201803280316,-1
201803280914,1
201803280918,1
201803280919,0
201803281431,7
201803290457,-4
201803291244,2
201803291258,-4
201803310545,-4
201803310552,-7
201803310553,-16
201804010527,3
201804010656,-3
201804010725,-5
201804010728,2
201804020402,1
201804020410,-5
201804020417,-2
201804020608,-1
201804020628,-4
201804020635,-8
201804020658,-4
201804020841,2
201804021700,-3
201804021712,-3
201804021724,-1
201804021734,2
201804030334,-9
201804030349,-1
201804030358,7
201804030408,2
201804030655,0
201804031215,4
201804031259,1
201804040419,-1
201804040422,-13
201804040750,-4
201804040805,3
201804041608,2
201804050440,0
201804050610,-10
201804051312,-2
201804051328,8
201804060429,-11
201804060732,-1
201804060746,-6
201804061326,8
201804071035,-5
201804071103,-7
201804071111,-1
201804071352,-8
201804071400,-1
201804071542,-2
201804071703,0
201804080427,3
201804080444,2
201804080458,2
201804080512,-1
201804080600,-4
201804080604,-5
201804080612,-2
201804081743,17
201804090303,3
201804090955,-5
201804091217,3
201804100407,-3
201804100630,4
201804101051,4
201804101130,4
201804101449,4
201804110330,-5
201804110338,-2
201804110347,-4
201804110357,-4
201804110437,-5
201804110600,-8
201804110650,-1
201804111559,3
201804120303,-11
201804120308,1
201804120315,0
201804120337,3
201804120946,3
201804121013,0
201804121132,7
201804121203,3
201804122015,1
201804130444,-4
201804130501,-17
201804130517,-6
201804130921,3
201804131236,-8
201804140521,7
201804140529,4
201804150425,4
201804150442,2
201804150457,-5
201804150508,1
201804150519,0
201804150532,0
201804150607,-5
201804150744,-4
201804160525,-1
201804161756,2
201804161757,2
201804170524,5
201804170946,1
201804171024,-1
201804171025,-3
201804171026,4
201804171051,2
201804171059,-3
201804171434,-12
201804171455,6
201804171559,-8
201804171705,4
201804171923,4
201804171926,2
201804171932,4
201804171949,-2
201804180242,-17
201804180243,-1
201804180259,-2
201804180308,-5
201804180505,-5
201804180930,1
201804181912,2
201804181958,4
201804190823,-12
201804190848,-3
201804191140,2
201804191327,3
201804191331,9
201804191530,-1
201804191546,-2
201804192037,3
201804200334,-4
201804200343,4
201804200350,-3
201804200357,1
201804201325,-8
201804201534,-2
201804201550,2
201804201619,-2
201804202013,-4
201804202022,0
201804210517,-8
201804210610,-8
201804210618,1
201804210844,4
201804210847,1
201804211152,10
201804211202,0
201804211224,-4
201804211313,-8
201804211530,1
201804220522,3
201804220550,2
201804220706,4
201804221143,4
201804221304,-3
201804221312,2
201804230615,1
201804230644,-5
201804230651,1
201804231308,-1
201804240342,4
201804241102,-1
201804241205,-4
201804241206,-4
201804241218,4
201804241318,4
201804250453,6
201804250629,2
201804250710,3
201804251233,1
201804251841,2
201804261517,3
201804261639,4
201804270326,-9
201804270341,-3
201804270355,1
201804270423,2
201804270450,0
201804270611,-1
201804270714,4
201804271222,5
201804271305,1
201804271819,-2
201804271904,-2
201804280507,-3
201804280515,3
201804280558,-9
201804281211,-5
201804281545,1
201804290421,5
201804290445,-1
201804290454,2
201804291829,0
201804291938,-6
201804291959,-1
201804300510,-6
201804300519,4
201804301154,9
201804301538,-1
201804301539,2
201804301549,-6
201804301602,1
201805010347,-1
201805010400,-2
201805010434,-2
201805010823,2
201805010957,4
201805011114,2
201805011242,5
201805020445,-3
201805020623,-4
201805020633,0
201805020745,-3
201805021116,2
201805021327,-2
201805021540,1
201805022037,4
201805030346,1
201805030354,-2
201805030400,1
201805030927,5
201805030949,-2
201805040322,-7
201805040328,-3
201805040345,-12
201805040627,-3
201805041337,5
201805041458,-6
201805041459,-2
201805041556,5
201805041708,7
201805041717,8
201805041731,3
201805070353,6
201805070404,1
201805070427,-3
201805070439,-6
201805070600,-2
201805070605,3
201805070629,-2
201805070635,1
201805070708,-7
201805071020,-1
201805080409,5
201805080422,1
201805080430,0
201805081333,-1
201805081511,-3
201805090424,14
201805090438,-7
201805090448,5
201805090500,4
201805090530,7
201805090535,4
201805091538,-12
201805091541,1
201805100730,-9
201805100737,2
201805111356,5
201805111639,2
201805111649,-5
201805121408,4
201805121502,1
201805121520,-1
201805130529,3
201805130801,-3
201805131222,5
201805131311,-3
201805131703,-2
201805140636,2
201805141346,-6
201805141409,3
201805150526,5
201805150708,-3
201805151139,5
201805151329,4
201805160507,2
201805160525,2
201805160609,-2
201805161050,2
201805161140,-7
201805161557,3
201805170428,6
201805170456,3
201805170545,3
201805170652,-6
201805170825,3
201805171400,2
201805171453,3
201805171514,4
201805171517,4
201805180324,-3
201805180351,-12
201805180638,-5
201805180650,-6
201805180805,3
201805180934,-8
201805181322,2
201805181341,5
201805181500,-1
201805181557,6
201805190658,-6
201805191100,3
201805191133,2
201805191137,2
201805191427,2
201805200604,-8
201805200611,-4
201805200619,-2
201805200629,-14
201805200637,-6
201805200704,-4
201805201014,5
201805201037,0
201805210421,3
201805210427,1
201805210440,5
201805210453,-6
201805210501,0
201805210512,-5
201805211618,-1
201805221121,2
201805221235,2
201805221813,2
201805230345,-6
201805230354,-6
201805230412,-3
201805230422,7
201805230433,0
201805230455,-1
201805230618,-3
201805231229,4
201805231235,-7
201805231758,2
201805240521,-7
201805240534,-5
201805240803,-4
201805240918,-5
201805240924,4
201805240957,2
201805241054,4
201805241418,0
201805241806,2
201805250212,3
201805250213,2
201805250450,1
201805250504,-11
201805250514,3
201805251012,8
201805251022,5
201805251339,7
201805251514,-2
201805251545,0
201805251607,1
201805251613,-4
201805260622,3
201805260659,-4
201805260738,3
201805260747,7
201805260803,-3
201805260821,-6
201805261241,-13
201805261256,-3
201805270541,-2
201805270614,10
201805270713,-4
201805271309,6
201805271332,2
201805280558,5
201805280708,1
201805280732,-2
201805281013,5
201805281014,1
201805281019,7
201805281422,-2
201805281453,2
201805290307,-2
201805290330,2
201805290400,-4
201805290409,-4
201805290427,-2
201805290630,0
201805300546,-1
201805300547,-2
201805300735,-6
201805300831,-4
201805301009,3
201805301011,-1
201805301019,2
201805301559,-4
201805301646,2
201805301708,3
201805302006,-2
201805302008,-2
201805302021,-2
201805310355,-3
201805310356,6
201805310359,-1
201805310453,-5
201805310511,1
201805310618,2
201805311415,2
201805311419,2
201806010405,-2
201806010415,-1
201806011440,5
201806020457,-6
201806020506,-9
201806020540,-3
201806020913,-1
201806020918,3
201806020946,-6
201806021031,-6
201806021043,-6
201806021051,0
201806021357,-3
201806021402,-3
201806021409,2
201806021423,-1
201806030559,2
201806030625,-2
201806031025,-3
201806031034,-3
201806040435,-3
201806040535,-2
201806040541,-2
201806040543,1
201806040607,-2
201806040647,-1
201806040701,-2
201806041341,-8
201806042102,-4
201806050338,-1
201806050351,4
201806050408,12
201806050431,-6
201806050458,-3
201806050602,-3
201806050609,-3
201806050644,6
201806050649,2
201806050655,11
201806051306,-1
201806051307,2
201806051737,2
201806051740,-4
201806051743,1
201806051823,-7
201806051827,-4
201806060616,2
201806060637,6
201806060648,-15
201806060654,-12
201806060704,-7
201806060743,8
201806061237,-5
201806061309,4
201806061441,3
201806070457,-8
201806070507,7
201806070558,6
201806070605,6
201806070607,-13
201806070649,-2
201806070707,-5
201806070810,-2
201806070815,-7
201806070848,-1
201806070849,-1
201806070850,-1
201806071020,2
201806071251,2
201806071255,1
201806071644,-7
201806071915,-2
201806072122,-1
201806080306,-7
201806080316,0
201806080325,-2
201806080412,8
201806080422,-3
201806081824,-1
201806091333,5
201806091343,2
201806091356,7
201806091357,-2
201806091358,11
201806091603,2
201806091604,-4
201806101805,-2
201806101817,-2
201806101829,-1
201806101842,-3
201806101845,3
201806101941,0
201806111427,1
201806111452,-7
201806111504,-6
201806111703,3
201806111735,-2
201806121155,-1
201806121230,1
201806121312,-1
201806121340,14
201806121423,1
201806121637,1
201806121702,4
201806121711,3
201806121727,-3
201806121814,-1
201806130237,3
201806130255,2
201806130256,0
201806130301,-2
201806130410,1
201806130449,1
201806130630,-9
201806131311,4
201806131317,5
201806131350,6
201806140808,-16
201806140809,-8
201806140933,6
201806141034,3
201806150355,-7
201806150406,0
201806150445,3
201806150450,4
201806150453,-2
201806150455,-2
201806150456,-2
201806150503,-2
201806151008,-2
201806151041,2
201806151049,-6
201806151503,-8
201806151523,-5
201806160547,-6
201806160603,-6
201806160612,18
201806160701,-3
201806160729,2
201806170452,2
201806170458,-3
201806170531,1
201806170540,3
201806170548,0
201806170601,13
201806170626,-5
201806170736,6
201806170737,-3
201806170754,-5
201806170955,3
201806171725,-7
201806171742,-9
201806171749,1
201806171803,-3
201806180546,-8
201806180602,-5
201806180650,-9
201806180653,-15
201806180757,-6
201806190652,-10
201806190707,-2
201806190711,-1
201806190822,1
201806191104,-6
201806191806,-1
201806191917,2
201806200525,-11
201806200641,-6
201806200643,3
201806200700,-6
201806200701,1
201806200702,-5
201806201304,6
201806201334,-5
201806201339,-3
201806201454,4
201806201630,3
201806202024,7
201806202051,2
201806210512,-3
201806210529,-9
201806210538,3
201806210547,3
201806210608,-5
201806210652,-1
201806210738,1
201806211002,-2
201806211325,1
201806211345,5
201806211346,11
201806211451,-1
201806211540,2
201806211607,5
201806211912,-3
201806220341,3
201806220354,-1
201806220400,-1
201806220406,-2
201806220431,3
201806220446,2
201806220458,2
201806220630,-1
201806220643,-1
201806220710,4
201806220725,-1
201806221240,-13
201806221323,4
201806221734,-1
201806221853,2
201806221855,4
201806230419,-2
201806230421,-4
201806230422,2
201806230433,-8
201806230436,-1
201806230538,2
201806230542,-2
201806230552,-4
201806230700,2
201806230753,-2
201806230957,3
201806231003,1
201806231005,-2
201806231012,5
201806231843,-7
201806240612,2
201806240808,0
201806241312,3
201806241701,-4
201806241708,5
201806241808,-2
201806250441,-7
201806250502,1
201806250536,-1
201806250543,0
201806250554,-4
201806250736,1
201806250739,-3
201806250958,13
201806251011,1
201806251428,-8
201806251611,2
201806251622,-6
201806251630,-8
201806260416,-5
201806260425,1
201806260449,2
201806260457,-3
201806260517,-3
201806260536,-1
201806260630,-5
201806260740,2
201806261237,5
201806261312,-3
201806261852,8
201806261905,10
201806261918,1
201806261947,-4
201806262052,8
201806270418,-5
201806270539,7
201806270711,1
201806270826,4
201806271033,6
201806271213,2
201806271328,1
201806271418,2
201806272003,1
201806272024,-2
201806280402,-8
201806280425,-2
201806280432,3
201806280530,-3
201806280543,-5
201806280556,-4
201806280606,-1
201806281157,0
201806281349,-3
201806291059,-8
201806291106,-2
201806291620,-2
201806291621,4
201806291630,2
201806300349,7
201806300357,-3
201806300359,-3
201806300407,8
201806300422,3
201806300437,2
201806300533,3
201806301217,4
201806301226,-1
201806301231,2
201806301244,-5
201807010511,1
201807011239,7
201807012001,5
201807020929,2
201807021448,2
201807021943,-6
201807030316,-2
201807030325,6
201807030333,-4
201807030349,-4
201807030357,-7
201807030416,0
201807030503,-5
201807030700,3
201807030718,0
201807031416,-2
201807031419,-1
201807031426,4
201807031435,2
201807031613,5
201807031619,14
201807031652,17
201807031736,9
201807040742,3
201807041346,1
201807041947,3
201807050708,-3
201807050716,-4
201807050717,-2
201807051237,10
201807051711,8
201807051744,2
201807051758,5
201807051806,6
201807060957,-3
201807070506,0
201807070621,-7
201807070624,2
201807071329,-8
201807071342,-8
201807071524,-10
201807080614,3
201807080755,-2
201807081427,3
201807090455,5
201807090504,4
201807090514,2
201807090725,4
201807091004,-6
201807091008,0
201807091522,7
201807091801,2
201807091954,3
201807100200,6
201807100207,-2
201807100235,4
201807100342,-3
201807100359,8
201807100539,11
201807100740,-6
201807101001,2
201807101152,-3
201807101537,3
201807102255,-4
201807102303,0
201807102312,4
201807110540,1
201807110941,-3
201807110950,1
201807111007,1
201807111409,8
201807111410,-2
201807111453,3
201807111547,-6
201807111633,-3
201807112302,-1
201807120810,-3
201807120932,5
201807121052,3
201807140217,2
201807140243,3
201807140246,-3
201807140424,-2
201807140434,0
201807140544,1
201807141117,1
201807142223,8
201807142237,6
201807142305,-4
201807150633,-2
201807150640,-4
201807150911,-4
201807150918,-2
201807151003,8
201807160156,3
201807161240,2
201807161329,0
201807161334,1
201807161553,2
201807162110,5
201807170653,-4
201807170722,-7
201807170739,3
201807171721,-1
201807171727,-1
201807180253,-2
201807180308,8
201807180316,6
201807180344,10
201807180403,-2
201807180427,-5
201807180433,2
201807181012,-3
201807181225,-1
201807181429,5
201807181835,1
201807190323,1
201807190329,-1
201807190337,-9
201807190359,-12
201807190413,-6
201807190611,4
201807190624,-4
201807190630,2
201807191114,-3
201807200531,-9
201807200543,5
201807200551,-13
201807200604,-6
201807200734,5
201807200735,-3
201807200739,-1
201807201450,-6
201807201517,0
201807210510,-3
201807211540,-6
201807211550,-3
201807211600,1
201807211610,1
201807211623,-3
201807211721,0
201807220328,1
201807220349,-5
201807220522,-11
201807220556,-8
201807220615,-8
201807221358,3
201807221523,2
201807222024,-7
201807230330,-5
201807230352,-7
201807230401,-1
201807230409,-11
201807230525,-1
201807230606,2
201807230621,-5
201807231835,3
201807231844,-7
201807240401,3
201807240429,3
201807240639,2
201807240646,4
201807240850,-2
201807241215,-6
201807241525,6
201807241533,3
201807241708,4
201807241739,-5
201807241805,-1
201807250401,-10
201807250408,3
201807250420,4
201807250534,-4
201807250541,15
201807251357,5
201807251533,11
201807251545,9
201807251559,-1
201807251642,9
201807251649,4
201807251716,6
201807251801,3
201807260446,-1
201807260822,3
201807261443,1
201807261548,10
201807262050,1
201807270426,-5
201807270438,-12
201807270456,-1
201807270853,4
201807270858,1
201807270912,9
201807270920,2
201807271116,8
201807271308,3
201807271545,-6
201807271747,0
201807271853,1
201807290431,1
201807290444,4
201807290452,-3
201807290458,-3
201807290459,-6
201807290500,2
201807290530,-8
201807290542,-4
201807291209,-7
201807291235,-12
201807291312,-7
201807291320,-6
201807300457,1
201807301022,3
201807301420,5
201807301528,2
201807301529,-1
201807301531,0
201807301534,-1
201807301536,2
201807301544,2
201807301756,-1
201807310314,7
201807310323,-1
201807310400,-4
201807310458,-2
201807310521,0
201807310634,-6
201807311009,3
201807311013,13
201807311033,3
201807311339,-1
201807311724,3
201808010603,-4
201808010615,1
201808010624,-12
201808010634,0
201808010701,2
201808010823,-8
201808010835,-5
201808010856,-8
201808011155,3
201808011404,1
201808012032,1
201808012040,-1
201808012138,4
201808012147,2
201808020338,-5
201808020404,-7
201808021023,-1
201808021145,5
201808021153,-3
201808021155,5
201808021157,4
201808021208,-1
201808021324,-7
201808021730,3
201808030721,11
201808031039,2
201808031150,2
201808031331,1
201808031500,9
201808031510,-2
201808031543,2
201808031555,-2
201808031559,1
201808032001,-4
201808032005,2
201808032008,-2
201808032017,-3
201808032024,2
201808032029,3
201808032037,2
201808040549,-1
201808040602,-6
201808040818,3
201808041247,-1
201808041253,-2
201808041258,3
201808041303,2
201808041353,-2
201808041354,-1
201808041728,3
201808050438,-13
201808050459,6
201808050506,-2
201808050535,2
201808050545,-6
201808050549,-7
201808051301,8
201808051506,-9
201808060725,-1
201808060752,-1
201808060848,8
201808061043,4
201808061213,-5
201808061441,2
201808061444,4
201808061446,2
201808061453,-9
201808062128,10
201808070231,2
201808070346,-6
201808071125,4
201808071959,8
201808072018,6
201808072023,4
201808072052,6
201808080814,1
201808080825,9
201808081107,4
201808090902,-10
201808091000,4
201808091550,3
201808100518,5
201808100532,2
201808100547,2
201808101430,2
201808101558,1
201808101612,2
201808110535,-4
201808110549,-2
201808110617,-4
201808110618,-2
201808110626,-10
201808110641,-2
201808111128,-2
201808111154,-4
201808111159,3
201808120524,-6
201808120534,-2
201808120557,-5
201808120625,2
201808130627,-10
201808130650,-13
201808130721,-3
201808130812,1
201808130904,-8
201808130909,-6
201808130913,1
201808131011,9
201808131014,-1
201808131119,2
201808131237,2
201808131342,1
201808131536,2
201808131711,1
201808131837,6
201808131850,-6
201808131857,0
201808140359,0
201808140407,-4
201808140413,0
201808140421,-3
201808140431,-4
201808140442,-1
201808140455,-7
201808140506,-2
201808140601,-7
201808140610,-7
201808140615,-3
201808150544,-5
201808150554,16
201808150602,18
201808150607,12
201808150612,14
201808150614,18
201808150618,-5
201808150631,9
201808150639,3
201808150651,12
201808150708,-16
201808150715,0
201808150757,3
201808150804,-4
201808151134,1
201808151252,2
201808151800,1
201808151814,-1
201808151931,-4
201808151940,-7
201808160543,4
201808160550,-2
201808160700,-1
201808160710,4
201808160836,2
201808161630,5
201808161637,-5
201808161645,-3
201808161653,-9
201808161745,-5
201808161756,-4
201808161849,-4
201808170430,4
201808170444,-5
201808170457,-1
201808170510,1
201808170529,-2
201808170538,2
201808170706,-6
201808170710,-6
201808170717,-4
201808171225,2
201808171529,-6
201808171837,-1
201808171846,-1
201808171847,4
201808180432,-8
201808180440,-11
201808180446,2
201808180612,-3
201808180639,2
201808181451,0
201808190401,-6
201808190415,-15
201808190506,-13
201808190514,-18
201808190524,-1
201808200428,-5
201808200438,-9
201808200448,-13
201808200713,-5
201808200723,3
201808200736,-2
201808201014,-11
201808201846,6
201808201906,-1
201808202040,3
201808202053,2
201808210338,0
201808210355,1
201808210410,-7
201808210441,1
201808210457,2
201808210715,5
201808210756,5
201808210822,1
201808211745,3
201808212210,-1
201808220621,0
201808220637,-6
201808220652,3
201808220805,1
201808221307,2
201808221746,7
201808221751,2
201808221756,5
201808221918,-3
201808221928,-3
201808222109,2
201808231108,0
201808231221,-2
201808231410,10
201808240257,1
201808240317,0
201808240328,-6
201808240410,-2
201808240434,-4
201808241036,6
201808241626,3
201808241720,5
201808241727,3
201808241740,1
201808242035,3
201808250516,-3
201808250536,-3
201808250546,5
201808250605,-3
201808250611,-2
201808250622,1
201808251645,2
201808260621,-4
201808260724,-3
201808260725,-4
201808260731,4
201808261501,-3
201808261739,-3
201808270557,4
201808270637,-3
201808271019,3
201808271020,1
201808271022,6
201808271111,2
201808271507,5
201808272111,-3
201808272144,9
201808280224,-9
201808280234,-1
201808280721,0
201808280802,-10
201808281028,2
201808281732,12
201808281748,6
201808281816,1
201808281919,2
201808290500,0
201808290512,-4
201808290518,-1
201808290523,4
201808290540,-8
201808290541,-1
201808290552,3
201808290730,1
201808290756,2
201808290812,-2
201808291423,0
201808291543,-11
201808291744,-4
201808291843,-8
201808291851,-2
201808300350,-8
201808300402,-17
201808300411,-6
201808300444,-6
201808300512,-3
201808300554,6
201808300617,-1
201808300639,-3
201808300649,2
201808300954,-1
201808301130,12
201808301850,3
201808311009,-5
201808311137,2
201808311507,2
201808311925,0
201808311935,-2
201808311940,-3
201809010421,5
201809010532,1
201809010619,-6
201809010627,-3
201809010800,-1
201809010803,-1
201809010812,-6
201809011551,1
201809011555,-2
201809011746,1
201809011753,-4
201809011821,-3
201809011823,-2
201809011843,-4
201809020628,-5
201809020637,-3
201809020710,0
201809030415,3
201809030428,0
201809030523,3
201809030828,3
201809031050,2
201809031057,4
201809031125,9
201809031139,-3
201809031155,3
201809031221,-3
201809031520,-10
201809040758,-12
201809041124,1
201809041341,-7
201809041355,4
201809041618,-6
201809041950,-3
201809042001,-5
201809042032,2
201809050433,-2
201809050620,-3
201809050639,-9
201809050654,-3
201809051209,1
201809051410,2
201809051445,-2
201809051515,-3
201809051640,-2
201809052022,0
201809060358,1
201809060419,-1
201809060431,4
201809060709,2
201809061615,2
201809061806,1
201809061948,3
201809070411,-3
201809070432,-4
201809070935,-15
201809071316,2
201809071803,4
201809071817,-4
201809071822,-2
201809080744,3
201809080845,6
201809081408,7
201809081707,8
201809081838,4
201809081847,-8
201809081851,3
201809081854,4
201809090601,3
201809090610,6
201809090612,3
201809090615,5
201809090632,6
201809090649,-3
201809090701,2
201809090712,-1
201809090742,-1
201809090821,4
201809090831,2
201809091028,3
201809100403,-2
201809100410,0
201809100422,-1
201809100430,5
201809100435,-2
201809100446,-2
201809100506,1
201809100510,0
201809100511,-2
201809100536,-2
201809100657,-9
201809101235,-1
201809101241,-1
201809101452,1
201809101617,1
201809110419,-4
201809110441,2
201809110459,1
201809110948,2
201809111316,5
201809111551,2
201809111816,-5
201809111828,2
201809111855,-4
201809120330,-4
201809120351,-6
201809120358,1
201809120658,1
201809120706,-1
201809120937,1
201809121621,7
201809130422,0
201809130439,4
201809130506,-4
201809130518,-1
201809130525,-3
201809130537,-3
201809130549,-6
201809130641,-1
201809130715,-6
201809131711,2
201809131728,-2
201809131810,-8
201809140428,-1
201809140432,-4
201809140433,-8
201809140434,2
201809140435,-2
201809140629,1
201809141440,3
201809141442,4
201809141535,0
201809141854,5
201809141905,-3
201809141923,-6
201809142008,-3
201809151330,-1
201809151341,4
201809151343,-3
201809151354,1
201809151357,3
201809151508,-6
201809151538,-3
201809151542,0
201809151750,-2
201809151927,2
201809160720,-14
201809160909,-1
201809160925,-3
201809161428,2
201809161440,-8
201809161518,5
201809170239,2
201809170241,2
201809170242,2
201809170243,1
201809170244,3
201809170245,5
201809170246,3
201809170247,2
201809170301,-3
201809170311,4
201809170723,-3
201809170736,-3
201809171110,-2
201809171122,1
201809171227,3
201809171453,2
201809171507,1
201809171721,11
201809172104,3
201809172111,4
201809180542,-3
201809180545,-4
201809180550,2
201809180555,2
201809180626,4
201809180850,-3
201809180859,2
201809181121,-2
201809181420,2
201809182045,2
201809190434,-5
201809191049,2
201809191637,0
201809192105,4
201809200405,10
201809200413,2
201809200432,3
201809200437,2
201809200443,-3
201809200634,2
201809201030,6
201809201039,3
201809201110,4
201809201827,1
201809202033,3
201809210556,-1
201809210614,-5
201809210623,1
201809210735,-1
201809210825,-1
201809210829,-1
201809211022,-2
201809211311,1
201809211321,2
201809211323,3
201809211324,6
201809211325,5
201809211805,3
201809212020,3
201809220701,-2
201809231343,7
201809231548,2
201809240713,1
201809240955,1
201809241342,2
201809241344,2
201809241433,5
201809241446,3
201809241533,3
201809241641,3
201809241937,2
201809241950,0
201809250353,3
201809250614,3
201809250945,2
201809251019,1
201809251228,1
201809251327,2
201809251506,1
201809251955,-4
201809260354,7
201809260357,-1
201809260947,-2
201809261026,-3
201809261028,5
201809261031,3
201809261034,7
201809261348,1
201809271546,0
201809281727,3
201809291333,-7
201809291752,3
201809300957,7
201809301047,1
201809301156,3
201810010330,9
201810010340,-2
201810010353,-2
201810010356,2
201810011737,3
201810011750,4
201810020752,3
201810020802,4
201810020908,2
201810020918,1
201810021022,2
201810021118,7
201810021417,6
201810021420,2
201810021818,3
201810021825,3
201810021915,2
201810021918,4
201810022056,-3
201810030535,5
201810030553,-11
201810030604,1
201810030623,2
201810030702,6
201810030713,2
201810030729,-1
201810031701,3
201810031923,6
201810040516,-6
201810040634,6
201810040701,3
201810041038,-1
201810041517,2
201810041558,1
201810041752,3
201810041803,3
201810050428,-1
201810050429,4
201810050603,0
201810050606,-3
201810050759,2
201810052046,3
201810060740,3
201810060908,3
201810061306,6
201810061315,8
201810061457,-2
201810061749,3
201810061815,3
201810061821,-3
201810070742,2
201810080636,12
201810081132,2
201810081157,-6
201810081227,3
201810081237,-5
201810081244,0
201810090518,-2
201810090532,-4
201810090537,6
201810090610,3
201810090900,4
201810090907,4
201810091208,0
201810091434,4
201810091439,0
201810091518,1
201810091809,6
201810091928,0
201810100547,4
201810100548,-6
201810100550,-7
201810100601,-8
201810100943,3
201810100952,1
201810101039,4
201810101252,-2
201810101533,1
201810102044,-1
201810111549,-3
201810120642,-1
201810120654,4
201810120659,3
201810120943,2
201810121109,-2
201810121210,0
201810121237,3
201810121730,3
201810121817,0
201810130631,3
201810130706,4
201810130717,4
201810131003,-1
201810131043,0
201810131052,6
201810132042,0
201810132053,4
201810140656,-2
201810140702,7
201810141106,2
201810141239,2
201810141544,2
201810150446,-2
201810150511,0
201810150525,-7
201810150537,-2
201810151503,-3
201810151527,2
201810151651,1
201810160506,-5
201810160516,-3
201810160524,-4
201810160555,-1
201810160605,2
201810160615,-2
201810160712,2
201810160804,0
201810160818,-1
201810160826,-3
201810161140,0
201810161150,4
201810161628,0
201810161819,0
201810161824,-4
201810170430,5
201810170452,-1
201810170500,5
201810170509,-3
201810170531,2
201810170645,-1
201810170648,-5
201810171018,0
201810171224,1
201810171236,7
201810171311,5
201810171503,7
201810171903,-3
201810180425,-6
201810180435,0
201810180445,-6
201810180628,5
201810181243,3
201810181711,3
201810191026,-3
201810191751,4
201810192017,3
201810200735,-4
201810200743,4
201810200756,-2
201810200803,2
201810200919,5
201810200930,2
201810201312,3
201810201736,-10
201810201945,4
201810211211,-6
201810211214,-2
201810211226,7
201810211548,-3
201810211849,-3
201810212122,4
201810220526,2
201810220537,-5
201810220549,-5
201810220557,-1
201810221052,-3
201810221218,-2
201810221227,4
201810221906,-4
201810221930,-2
201810221944,-4
201810230653,0
201810230824,6
201810230841,3
201810230943,5
201810231451,-1
201810231618,1
201810240452,-5
201810240456,3
201810240535,-3
201810240545,1
201810240904,1
201810241155,3
201810241843,1
201810250354,-5
201810250405,-2
201810250418,-7
201810250657,-4
201810250921,1
201810251131,1
201810251142,3
201810251147,-4
201810251255,9
201810251256,4
201810251322,1
201810251324,3
201810251339,2
201810251613,2
201810251619,-5
201810251621,1
201810260014,-4
201810260655,1
201810260705,1
201810260841,-1
201810261023,2
201810261059,4
201810261122,14
201810261422,2
201810261447,1
201810261758,4
201810270628,0
201810270641,3
201810270646,3
201810270702,2
201810270808,1
201810270926,-2
201810271243,-4
201810271307,-4
201810271441,-9
201810272046,-1
201810280953,-1
201810281003,-4
201810281712,-10
201810290503,-11
201810290507,-7
201810290528,11
201810290741,-2
201810291700,-9
201810291714,-15
201810291856,2
201810291911,2
201810291950,4
201810292001,7
201810292005,4
201810292007,1
201810292013,3
201810292018,7
201810292019,4
201810292021,7
201810300512,6
201810300525,8
201810300810,2
201810301037,4
201810301038,2
201810310538,-4
201810310545,-2
201810310601,-8
201810310609,-8
201810310625,0
201810310717,-7
201810310719,1
201810310825,-1
201810310828,1
201810311019,1
201810311224,4
201810311843,8
201810312033,2
201810312034,1
201811011133,2
201811011137,1
201811011354,-11
201811011546,1
201811011923,6
201811011943,8
201811020646,2
201811020654,1
201811021454,4
201811021740,1
201811021749,-1
201811021956,5
201811030354,4
201811030449,1
201811030504,7
201811030550,-5
201811030624,3
201811030638,-5
201811030934,-1
201811030948,3
201811031103,-1
201811031338,-1
201811031357,-6
201811031405,-2
201811031600,1
201811031605,6
201811031829,5
201811031839,6
201811031846,-1
201811031947,-1
201811032232,-7
201811040815,4
201811040824,3
201811040827,9
201811040828,-9
201811040829,3
201811040830,2
201811040832,3
201811040839,4
201811040840,0
201811041135,4
201811041605,0
201811041647,1
201811041836,3
201811041900,2
201811042158,3
201811042205,3
201811042212,0
201811042336,3
201811050613,-1
201811050621,-5
201811050636,1
201811050801,2
201811050818,4
201811050835,1
201811050841,-6
201811051010,4
201811051059,-1
201811051440,1
201811051528,-2
201811051802,-2
201811051805,-1
201811051826,-2
201811051914,12
201811052114,2
201811052327,3
201811052337,2
201811052349,6
201811060820,-6
201811060918,-1
201811060919,-2
201811060920,-2
201811060923,4
201811060925,0
201811060926,2
201811060927,4
201811061108,5
201811061148,8
201811061252,4
201811061256,2
201811070421,4
201811070455,3
201811070507,-2
201811070536,2
201811070552,-3
201811070604,-2
201811070631,1
201811070839,-6
201811071244,6
201811080538,-9
201811080551,-6
201811081938,-7
201811082104,5
201811090754,1
201811090855,3
201811090858,-4
201811090952,-8
201811091010,-5
201811091114,-2
201811091120,1
201811091139,1
201811091333,1
201811091410,1
201811092052,2
201811100108,-9
201811100117,-1
201811100709,3
201811101209,-2
201811101519,-7
201811101520,-4
201811102138,-3
201811110240,0
201811110716,7
201811110752,5
201811110903,1
201811111355,4
201811120503,2
201811120510,-4
201811120521,6
201811120544,0
201811120834,1
201811120931,7
201811121113,-8
201811121121,-1
201811121819,-3
201811130450,0
201811130607,1
201811130617,0
201811130630,-3
201811130849,-3
201811131007,-6
201811131238,-9
201811131333,1
201811131403,1
201811131420,2
201811131435,2
201811141228,0
201811141235,7
201811141510,3
201811141626,1
201811150459,-11
201811150514,-11
201811150532,-6
201811150749,-1
201811150759,0
201811151308,5
201811151334,3
201811151339,5
201811151343,16
201811161235,7
201811161241,-3
201811161447,5
201811161736,2
201811161737,9
201811161743,-1
201811170437,4
201811170939,6
201811170942,-7
201811170947,7
201811171003,-2
201811171948,2
201811181030,2
201811181101,8
201811181142,-5
201811181144,2
201811181255,-7
201811181259,7
201811181722,2
201811182119,6
201811190802,2
201811190826,-5
201811190841,0
201811191210,-3
201811201301,2
201811202043,-3
201811210549,1
201811211351,0
201811211409,-1
201811211442,-7
201811211517,-2
201811211736,0
201811220458,0
201811220501,3
201811220521,-3
201811220530,-5
201811220642,3
201811221607,0
201811230557,2
201811231014,2
201811231648,1
201811231649,-3
201811241649,4
201811241656,-4
201811250512,0
201811250530,4
201811250616,-5
201811250628,-1
201811250646,-2
201811251313,2
201811251320,0
201811251327,6
201811251339,-1
201811251859,-9
201811251907,-1
201811252140,2
201811260419,-3
201811260733,-2
201811261245,2
201811261247,3
201811261320,1
201811270530,-7
201811270542,-5
201811270607,-11
201811271205,-1
201811271731,-4
201811272038,7
201811272042,8
201811272136,3
201811272139,-4
201811280639,-9
201811280640,-2
201811280641,-3
201811280729,2
201811280731,-4
201811280732,2
201811280743,2
201811280749,3
201811280909,2
201811281632,12
201811290454,-9
201811290516,-10
201811290532,-4
201811290934,3
201811291503,5
201811291514,4
201811291534,5
201811291543,-1
201811291547,-1
201811291704,4
201811291950,5
201811292004,-4
201811300252,0
201811300745,2
201811301319,2
201811301903,2
201811302013,2
201812010416,13
201812010821,1
201812021315,7
201812022100,1
201812030554,4
201812030601,3
201812030618,5
201812030630,0
201812030645,1
201812030824,-11
201812030829,-3
201812030848,2
201812030856,-6
201812030937,-1
201812031242,4
201812040722,6
201812040730,5
201812040803,4
201812040810,2
201812040922,-4
201812040924,-2
201812041556,10
201812041720,1
201812050546,3
201812050549,1
201812050619,-1
201812050644,5
201812050651,-10
201812050656,-3
201812050744,-2
201812051924,6
201812052032,-1
201812060817,3
201812061007,0
201812061727,10
201812061756,5
201812061958,-8
201812062008,-5
201812062015,-2
201812070418,-2
201812070428,-8
201812070440,1
201812070453,2
201812070515,0
201812070639,-3
201812070746,-1
201812070756,1
201812070916,7
201812070918,11
201812071148,1
201812071302,-5
201812071356,9
201812071449,1
201812071600,1
201812072058,1
201812080534,0
201812080552,3
201812080719,8
201812080901,-1
201812081022,-4
201812081158,-7
201812081207,2
201812081631,10
201812090653,-10
201812091543,-3
201812091827,-3
201812100446,-2
201812100500,-2
201812101911,-3
201812101928,-2
201812110504,5
201812110512,-1
201812110530,-1
201812110542,4
201812110611,2
201812110630,-3
201812111150,-1
201812111155,1
201812111509,3
201812120534,-5
201812130538,-2
201812130617,-2
201812130625,-12
201812130634,-10
201812130639,-10
201812130907,-4
201812131034,-7
201812131100,2
201812131113,9
201812131324,2
201812140925,0
201812140935,0
201812141117,10
201812141119,1
201812141518,8
201812141907,0
201812141916,6
201812150714,2
201812150837,-14
201812150915,-8
201812150945,1
201812160658,-6
201812160711,-2
201812160739,-1
201812160803,-14
201812160925,-3
201812161321,2
201812161329,-4
201812161337,-4
201812161356,-7
201812170602,-3
201812170608,3
201812170627,2
201812170905,3
201812171002,3
201812171414,3
201812180428,-8
201812180441,5
201812180513,0
201812180526,-4
201812180555,-2
201812180614,1
201812180622,-6
201812180632,-5
201812180936,3
201812181542,2
201812181759,5
201812181813,5
201812181907,4
201812182217,2
201812190528,6
201812190535,4
201812190643,-2
201812190729,-2
201812190744,-2
201812190756,-11
201812190805,-3
201812192030,-2
201812200425,3
201812200442,-1
201812200456,-1
201812200516,-4
201812200528,7
201812200539,-6
201812200828,3
201812201216,5
201812201222,-6
201812201448,1
201812201521,2
201812202013,2
201812202020,2
201812210450,-2
201812210458,0
201812210510,7
201812210519,8
201812210524,-6
201812210608,3
201812210741,-2
201812210750,-5
201812210831,-3
201812211228,6
201812211256,-4
201812211514,3
201812211623,0
201812211716,3
201812220918,-7
201812220930,0
201812221303,-9
201812221328,2
201812221848,-5
201812221859,6
201812221920,2
201812222105,-3
201812222126,1
201812230717,2
201812230946,3
201812231013,-6
201812231245,-4
201812231256,4
201812231320,5
201812231418,2
201812232032,-2
201812232047,-2
201812240731,-1
201812240741,1
201812240759,5
201812240823,1
201812240833,2
201812240855,4
201812240955,-3
201812241010,-2
201812241023,7
201812241032,-7
201812241414,2
201812241524,2
201812241928,4
201812250559,3
201812251618,2
201812261335,5
201812270459,4
201812270506,-7
201812271235,-3
201812271241,-3
201812271244,-3
201812271339,-3
201812271404,-8
201812271413,-1
201812271426,-1
201812271510,7
201812271623,-4
201812280516,-5
201812280542,-2
201812280549,1
201812280606,2
201812280751,7
201812290842,-4
201812290852,-4
201812290903,2
201812291130,-2
201812291136,-3
201812291225,-2
201812291406,-3
201812292001,-2
201812292015,-3
201812300828,4
201812300956,2
201812301459,2
201812310551,-2
201812310603,0
201812310612,-7
201812310629,1
201812310738,-10
201812310839,-3
201812311302,3
201812311653,3
